266,16,16,16,16,16,1,
-0.00719884,-0.00176486,0.0142548,0.0171136,0.000646986,0.00943399,0.0130549,0.00860586,-0.00181114,0.0105443,-0.000294386,0.0177747,0.0126269,-0.00644266,0.00711,-0.00376872,
-0.00216649,-0.00308608,-0.0148666,-0.00640303,0.0373868,-0.00773467,0.0221123,0,-0.00669392,-0.00252976,0.00964621,0.00319967,0.00243342,-0.00201346,0.0010541,-0.012175,
-0.0209769,0.010893,0.00546703,-0.00762732,-0.00256694,-0.000326003,0.00301559,0.0233309,0,-0.00229081,0.00629528,-0.00660588,-0.0113756,-0.0103406,-0.000496793,0.0241231,
0.00658989,0.0042439,-0.00399475,-0.0102716,0.0106097,0.036526,0.0370513,-0.00225133,-0.0176512,-0.0252163,-0.0065853,0.00107214,-0.00655542,-0.00622936,-0.00287819,0.0542975,
-0.0104195,0.00394381,-0.00214436,-0.00376157,0.00190642,-0.0223582,-0.0391401,0.0412296,-0.00750285,-0.00553398,-0.014882,-0.00184716,0,0.00234396,0.0731542,-0.0225216,
-0.174304,
-0.0401359,-0.106397,-0.0077991,-0.0100466,-0.0158044,-0.00210927,0.0654689,0.0395342,0.0115646,-0.0740177,-0.139177,-0.101653,-0.0528343,-0.111295,-0.0525065,-0.0564439,0.0823317,0.077875,-0.0883177,-0.099798,0.0483679,-0.072296,-0.179425,0.0560843,-0.0193565,0.10058,-0.0595024,-0.0190218,-0.0782996,-0.0317703,-0.0226374,0.00370535,-0.0904838,0.0396726,-0.0199411,-0.0332785,-0.0118243,0.0319441,0.0293433,-0.0105976,0.0561642,0.0807577,0.0356703,0.00473634,-0.0502681,-0.0256995,-0.0183953,0.0435426,-0.0675383,0.147166,-0.160735,-0.134058,0.00441734,0.00359363,0.00900012,0.0186417,0.0212471,-0.00785149,0.0323903,-0.07412,0.0075815,-0.0919652,-0.0976709,0.0961383,-0.0363878,0.0217589,-0.0742467,0.0904477,-0.0249532,0.0685064,0.0313117,0.0948974,-0.0163025,0.03132,0.0968394,-0.0348473,-0.0264027,0.0901474,0.00442648,0.0341701,0.116515,0.0728819,-0.0780438,0.038571,0.00686072,-0.0132994,-0.0376574,-0.0400648,0.0466014,0.0867695,-0.0132596,-0.104292,0.0329005,-0.00603076,-0.0783304,-0.128184,-0.0159221,-0.140867,-0.0188707,0.0573202,-0.0640442,0.0023981,0.0575492,-0.120649,-0.0664349,0.134901,-0.0555123,-0.094023,-0.128132,0.00643243,0.0129612,0.063765,-0.0161982,-0.196742,0.106976,0.0483434,0.0543034,-0.131523,0.0504604,0.0260264,-0.00688155,-0.0237377,-0.0501315,-0.0342391,-0.0990859,0.0339411,-0.032437,-0.00297406,0.046927,0.0801545,-0.0219189,-0.0493693,-0.0522788,-0.0952265,0.0404204,0.0228344,0.046411,0.0109972,0.0425688,0.0176961,-0.052789,-0.0235971,-0.0499951,0.0604954,0.00856432,-0.0676106,0.0780638,0.0114673,0.0404391,-0.0974487,0.109505,-0.11263,0.0370749,0.00478705,0.0851684,-0.0383656,0.0283105,-0.025572,0.0442321,-0.0856748,-0.0339891,0.0269573,0.000431785,0.0893002,0.023173,0.00850241,-0.0401486,0.0160733,0.0217716,0.100887,-0.0437546,0.019729,0.0161373,-0.0650359,0.0752033,-0.0204828,0.0590596,0.0642556,-0.0127703,0.0199046,0.0717191,-0.0125729,0.0795868,-0.0436719,0.0378352,-0.0362464,-0.00420876,-0.0717089,0.0013709,-0.0182407,0.0789228,-0.051154,-0.0573533,0.0171574,0.013222,0.0609936,0.0146494,0.0552674,-0.0471961,0.0267957,0.0667871,0.0365646,0.127826,-0.0788353,-0.150965,0.0353806,0.0681161,-0.12493,-0.0311267,-0.0087015,0.0993283,-0.0138931,0.179086,0.0905433,-0.013524,-0.0521793,0.03388,0.0742402,0.0148854,0.00524316,0.142554,-0.0856463,-0.0408614,0.0046626,0.0397698,0.0850212,-0.0143978,0.096173,0.0410689,0.0200071,0.031333,0.00353371,-0.111367,0.053831,-0.0811252,0.0291537,-0.0170847,-0.00215827,-0.092063,0.0989435,-0.00565026,-0.0114687,-0.0604406,-0.0449798,-0.0351761,-0.0316468,-0.06253,-0.157207,-0.0972046,0.0433301,0.0758499,-0.0862763,0.00183798,0.00139538,-0.0013728,-0.00727509,0.125336,0.0563168,-0.0610085,0.133819,-0.00383835,-0.0619165,-0.00828792,-0.118067,0.118916,-0.00146062,
-0.0540299,-0.0656656,-0.0172594,0.0604278,-0.00420616,0.0552723,0.0586996,-0.0112426,0.0269296,0.0629674,-0.0441706,-0.200633,0.0779143,0.0267323,-0.0513681,-0.0984686,-0.0303043,-0.0673028,-0.0952868,0.0183204,0.00818877,0.0724372,0.0422813,0.0713747,0.0298986,0.0616914,-0.0242455,-0.0170365,-0.0981344,-0.0537413,0.0603408,-0.0255797,-0.0241926,0.0455375,-0.0463879,0.0406379,-0.129525,0.0326634,0.0371154,0.0244851,0.132974,0.00748021,0.0590221,0.0908443,0.0500019,-0.00486782,-0.0417489,-0.0687796,0.0211356,-0.160687,-0.0458396,-0.0534725,-0.0986833,0.0439017,0.0432487,-0.163526,0.159737,0.00723869,-0.0388312,0.0158134,0.0191358,-5.87054e-05,0.0151811,-0.175692,0.0992711,0.0678891,0.00417756,-0.0708258,-0.0423394,-0.0987178,0.046214,0.0825708,-0.0222988,-0.0897157,0.02869,-0.0128067,0.0137671,0.14249,0.0337701,0.0143268,0.0539112,0.0061938,-0.00423628,0.021779,0.0943513,0.074492,-0.0346067,0.0678076,-0.056735,-0.00972286,-0.00246223,-0.00904643,-0.0606959,-0.0148769,0.0990077,-0.00488948,-0.0672611,0.0166043,0.0115122,-0.0318805,0.029199,0.0369302,-0.030654,0.155101,0.0354197,-0.0893049,0.0131824,-0.0765607,0.00994034,-0.0292002,-0.124105,-0.102275,-0.063389,0.0375095,-0.104308,0.0110725,0.0140233,-0.134686,-0.00894298,-0.0662583,-0.0762426,0.0840107,-0.0312828,0.0100045,-0.0729209,0.0872621,-0.0148974,0.0511559,0.0361563,-0.0207852,0.000684694,0.04855,0.0304184,-0.0701616,-0.0649101,0.00533369,0.0406384,-0.0249384,0.0169833,-0.00804627,-0.0826804,-0.0261197,-0.0105938,-0.0103833,0.0820173,0.0904687,0.0468669,0.0563701,0.00412133,0.0413956,-0.0641788,0.0620358,-0.0223887,-0.054046,0.141977,0.0332271,0.00800421,-0.0196806,0.0603082,-0.00407757,-0.0535578,0.00510714,0.0067898,-0.0291899,0.072508,-0.0729002,-0.0143505,-0.0476211,-0.045274,0.010321,-0.00736363,0.0154907,0.0527342,0.0421878,-0.00576233,0.148771,0.0784662,-0.00755226,0.00267362,0.00273557,0.000699277,-0.00608434,0.0933528,0.014832,0.093934,-0.0445591,-0.0692736,-0.0127849,-0.0291968,-0.0202966,0.00101556,0.056649,-0.0207597,-0.0795912,-0.0144162,0.0993848,0.0558407,0.0809297,-0.0098103,-0.0716927,0.0551899,0.1426,0.0693421,-0.120321,-0.0109623,0.0614236,-0.042734,0.0313787,0.028579,-0.0572884,0.0779605,0.0385221,0.0822351,-0.00189438,0.0246077,-0.0691145,0.0517136,-0.0341423,-0.0680059,-0.0463996,0.0517706,-0.0206229,0.141928,-0.0269703,0.00481343,-0.0242491,0.004947,0.0314297,0.0810581,-0.00679752,-0.126192,-0.0561543,0.0749461,0.0663323,0.0383988,-0.0694967,0.00600693,-0.0400862,-0.0242092,0.00861306,0.0446008,-0.0508708,-0.034369,0.0500147,0.044758,-0.071914,-0.0503404,-0.028449,-0.0109828,0.0340368,0.0460429,0.0770804,0.0549217,-0.0144383,-0.0223759,-0.157049,0.0541619,-0.113826,0.0307706,-0.0627013,-0.0396144,-0.0359931,-0.0362048,0.0397636,-0.0149859,-0.125158,
0.111608,0.0375593,0.0880938,-0.0327364,0.0354075,0.219081,-0.0128758,0.127887,0.145839,0.161326,-0.181049,0.110207,0.128708,0.0381277,0.0909579,0.0721497,0.0239389,0.152373,-0.0674385,0.0694284,0.293767,0.293887,0.334591,0.307767,0.216521,0.201747,0.19863,0.207681,0.147889,-0.216302,-0.0276949,-0.0995686,-0.191646,-0.0418518,-0.107572,-0.121274,0.00051539,-0.0424042,-0.0789676,0.00485839,-0.0198539,-0.0563587,-0.0821052,-0.0104154,-0.127094,-0.110414,-0.118792,0.0263033,0.0443854,0.0590036,0.00156723,-0.0373261,0.0142113,0.0491813,0.0394991,0.0509515,-0.0222935,0.020169,0.133105,0.0697539,-0.0758147,0.0243839,-0.0432401,0.0586624,0.00228001,0.129668,-0.0436152,0.127471,-0.0388457,-0.0902352,-0.0655046,0.00132955,-0.0375628,0.0844385,-0.0186015,0.00482262,0.0364495,-0.0517694,0.030356,0.0405933,-0.018527,0.0257377,0.0314249,0.0125216,0.021307,0.0191558,0.138959,0.0958123,0.0266102,0.0565439,0.0259132,0.12292,-0.0797591,-0.0687098,0.00675736,0.081467,0.0238694,0.00410301,-0.0324237,-0.0166239,-0.0232517,0.0645414,0.110054,0.134806,0.0842866,0.0474004,0.0753132,-0.000433561,-0.0384029,-0.0649707,-0.0267981,-0.0116229,-0.0355177,-0.0270457,0.0543062,-0.0113242,-0.0274073,0.0116141,0.0179412,0.066685,-0.0237039,-0.0221058,-0.067402,-0.0759892,-0.0635142,0.0184566,0.137714,0.0167123,-0.0535945,0.0134145,-0.0545876,-0.0231375,0.0720977,0.00924682,-0.0654725,0.0476227,0.0121369,-0.00106208,-0.0380933,-0.047279,0.162775,0.00856835,0.216657,0.0747738,0.00841022,0.119358,-0.0181663,-0.0078591,0.15963,0.0117521,-0.0265141,-0.060832,-0.0828925,-0.00361161,-0.140055,-0.123844,-0.0655911,-0.03902,0.0757666,0.0923309,0.139417,0.0520361,-0.0829693,-0.0815201,0.0151899,-0.0775718,0.0012071,-0.071066,0.00822675,-0.00308132,0.00625816,-0.0390866,0.00945121,-0.0817864,0.0194686,-0.0231064,0.0995069,0.0405317,-0.00339602,-0.000469661,0.0346471,0.0392166,-0.00743712,-0.0150467,-0.0208755,-0.0485057,-0.0502573,-0.00955361,-0.0638932,-0.0307737,-0.019865,-0.0379132,-0.0308708,-0.140896,0.0460102,-0.0207298,-0.0120256,-0.0163662,-0.0420074,-0.0652865,0.0981831,-0.010496,0.118322,-0.0109974,0.0117865,-0.0346147,0.043758,0.0548903,0.148269,-0.0620653,-0.0891583,-0.131143,0.0722239,0.00448429,0.0462048,-0.0172676,0.0509657,0.0659289,0.0929422,0.0695149,0.0134136,0.144147,0.072684,-0.193487,-0.0721708,-0.241333,-0.0603514,-0.0983271,-0.0929315,-0.0759167,0.00260749,-0.0191768,0.261015,0.0857776,0.124854,0.0258301,-0.0810837,0.0954452,0.126505,0.0112792,0.059115,0.0515143,0.0777911,0.118168,0.0589709,0.133753,0.0559907,0.146231,0.0864667,0.140568,0.0702878,0.120622,0.000236111,0.0454986,0.0353115,0.070341,0.110624,0.041835,0.0723367,0.0437497,0.00578668,0.0617723,-0.000711224,-0.102317,-0.128145,0.437884,
-0.11385,0.0620412,0.0485461,0.0615023,0.105568,0.0440111,-0.0379498,0.0645225,-0.000852207,-0.0951962,0.304449,0.114539,0.103768,0.0774252,0.0422817,0.00504635,0.112795,0.140176,0.143185,-0.0502614,-0.135443,-0.0816256,-0.25385,-0.185189,-0.0638001,0.0294386,-0.0843845,-0.0716689,-0.0306706,0.176132,0.253434,0.25372,0.20994,0.220274,0.227751,0.188423,0.32913,0.276371,-0.101247,0.0225447,-0.0352198,0.00500437,-0.0755469,-0.021146,0.131618,0.158849,0.116117,0.0108205,-0.0639197,0.0182798,-0.037909,-0.0597285,0.0152248,0.0214637,-0.0518469,-0.0211349,-0.0734789,-0.100025,-0.179862,0.00743186,-0.0495303,-0.0427107,-0.0996533,0.123412,-0.0238848,0.0489948,0.00549541,0.0147809,-0.0553043,0.0310416,0.0888086,0.00161824,-0.0293046,0.0367372,-0.00104807,0.0662806,0.0401482,0.0612644,-0.00142172,0.0160026,0.00500272,-0.0153205,-0.00528199,-0.021623,0.0062775,-0.124815,-0.0624574,0.0455839,0.0285692,0.0473431,0.0180022,0.0329439,0.0244228,0.166208,0.16128,0.0999392,-0.102837,-0.0135861,-0.0219576,-0.104539,-0.0278657,0.0304113,-0.0274603,0.0121124,-0.0476769,0.0897103,-0.0098687,0.00656793,-0.0886931,-0.0308011,-0.02342,0.000961362,-0.0226023,-0.0331858,-0.0469408,0.00453801,-0.0914731,-0.02931,0.0215961,0.0235018,-0.0675398,-0.0539877,-0.028555,-0.0363294,0.127496,-0.0372462,-0.00350982,-0.027011,-0.0312205,0.0108417,-0.0181503,-0.024529,-0.110741,-0.0577026,-0.0655524,-0.0187731,0.0342153,0.0271177,-0.0238452,-0.0544511,0.0369013,0.193864,0.14294,0.218152,0.0845127,-0.0226819,0.169527,-0.0162353,-0.0446657,0.0741329,0.0402348,-0.0533701,0.00802796,-0.0139265,0.00665265,0.0546011,0.127961,0.0142045,-0.132643,-0.0716879,-0.0890497,-0.111847,-0.0917536,-0.0811126,0.00143544,-0.0550107,-0.048753,0.0321702,-0.00467503,-0.065724,-0.0551136,0.00844487,0.0570527,-0.052027,0.0769556,-0.00193583,0.0894264,0.0367536,-0.00626955,-0.00834673,-0.00537416,-0.0213056,-0.0428444,-0.0112872,-0.0549356,-0.0849527,0.00525937,-0.0424326,-0.00158014,-0.0381824,0.0777741,0.0911536,0.0916702,-0.0142512,-0.0401771,0.0163637,0.0625677,-0.104616,-0.0629557,-0.0607339,-0.00937493,0.0474846,0.138483,-0.0723011,0.0153645,0.0908462,-0.00571964,0.0876736,0.0787524,0.0732116,-0.0573021,0.0193802,0.0714117,-0.0683786,0.0590909,-0.0018184,-0.0385871,0.0954706,-0.0108337,-0.0999563,0.0247997,0.0292361,-0.036051,-0.0903876,-0.130772,-0.0477612,-0.0184446,-0.0170358,-0.067997,0.0541802,-0.0148149,0.0339522,0.140954,0.00365957,0.0800054,0.0636541,0.0793732,0.0423034,0.0495135,0.0183616,-0.0592198,-0.112629,0.0066978,-0.0937762,-0.0385129,-0.0462044,0.0344999,-0.0200382,-0.0116501,0.0624524,0.00824176,-0.0345879,-0.113462,-0.0259123,-0.0260049,-0.0293895,0.0660576,-0.0460185,-0.0194621,-0.0220899,-0.0249804,-0.0135873,-0.0371521,-0.0239391,-0.0973586,-0.144441,
0.0614414,0.00142863,-0.0515863,-0.0439447,-0.0228263,0.0466626,0.0275941,-0.0303976,0.169248,-0.0238096,-0.0801688,0.0437642,0.0592127,0.0289128,-0.0512771,0.121425,-0.0108705,-0.0443288,0.0885338,-0.0252474,0.0748107,0.201528,0.184425,0.161433,0.0810447,0.200394,0.0644547,0.131799,0.0606,-0.165695,-0.0569129,-0.139691,-0.135486,-0.0283023,-0.0564457,0.00203244,0.0226842,-0.139654,-0.00163008,-0.11711,0.0314855,-0.0502789,-0.0588894,-0.0762826,-0.145813,0.0200932,-0.00930688,0.10771,0.0822272,0.0138796,0.0818598,0.0771993,0.0607242,0.067026,0.0289373,0.0424994,0.0300753,0.0138375,-0.0308803,0.0642434,-0.109772,0.0457776,0.0427989,-0.0561981,0.0439959,-0.0229383,-0.0625256,0.0072578,0.112283,-0.0685098,-0.0333962,-0.00306843,-0.0645781,-0.0365656,0.166243,-0.0142893,0.123752,-0.0465074,-0.0624935,-0.0318964,0.0809319,-0.00193612,0.0186195,0.0198453,-0.106666,-0.091592,0.0228052,0.000737042,0.0240566,0.0423994,0.10049,-0.0203543,0.102332,-0.0718587,-0.0614559,0.0280006,-0.0184758,-0.0219778,-0.0154606,-0.165927,0.15707,-0.0638962,-0.0190519,0.0245371,-0.0578301,0.0774228,-0.080913,-0.0489161,-0.0717052,-0.0402725,0.0349734,-0.0077574,0.0453294,-0.0350743,0.00556093,0.017791,0.0722502,0.0646535,0.0354633,0.0708808,0.0434195,-0.119232,0.176237,-0.0624553,0.116825,-0.13695,-0.0631243,-0.0182742,-0.119538,-0.00548227,-0.00167797,-0.00949041,-0.00632521,0.0514564,0.133292,0.0492067,0.0786196,0.0394078,0.0313052,0.0390304,0.210442,0.0679858,0.0986619,0.0945741,0.159718,0.0693036,0.113783,0.00976162,0.0323092,-0.0629184,0.0495341,-0.0514394,-0.0981598,0.013189,-0.0519651,-0.0697225,0.107153,0.026522,0.124709,-0.0310775,0.0181633,0.0393542,-0.0205667,0.0106224,-0.0463766,-0.0623013,-0.00674776,0.0147644,-0.123499,-0.0190413,-0.0918404,0.0908383,0.0455581,-0.0113376,0.076121,0.0711986,-0.0515504,-0.0704557,-0.00140027,-0.104225,-0.0337256,0.0220697,0.085872,0.0193767,-0.00176481,0.0318694,0.000783835,-0.018122,-0.0596131,-0.0221153,0.0261932,0.0447836,-0.042154,0.0144798,0.0548662,0.0187769,-0.0275254,-0.0713783,0.0252478,0.0187269,0.0633502,-0.053848,-0.00941037,0.0342201,0.0450313,-0.014572,-0.0575076,0.0661308,0.126356,0.13251,-0.0737691,-0.105684,-0.0370009,-0.119632,0.0560262,0.0940257,0.119083,-0.00442232,0.0673221,-0.0490156,0.000753434,0.0986253,0.0485093,-0.207671,-0.0257507,-0.148169,-0.17756,-0.0969003,-0.0778085,0.0148387,-0.00307502,-0.00671875,0.0581472,-0.0138268,0.00608027,0.0992629,-0.000190663,0.0518584,-0.0402616,-0.018331,0.0396112,0.0777166,0.11906,0.13525,0.0753139,0.0844094,0.112409,0.0382074,-0.00922858,0.00465605,0.0958246,-0.0128811,0.00302848,0.0448453,0.0404044,-0.00852682,-0.0102538,-0.0780715,0.108434,-0.119004,0.0332682,-0.000939008,-0.068095,-0.0420915,0.0931998,0.341709,
-0.0798828,-0.0197033,0.0387556,0.101994,-0.105386,-0.0295032,0.0313441,0.0197113,-0.0769023,0.0456849,0.165321,-0.00358341,0.119913,0.0273428,0.0711209,0.0532203,0.177315,0.0879255,0.0784479,0.166578,-0.141627,-0.136725,-0.0755768,0.000327651,0.0164029,-0.0523693,-0.090312,0.0452943,0.0706598,0.109574,0.221893,0.306837,0.136371,0.112239,0.157951,0.12761,0.160458,0.125936,-0.0648278,-0.0149762,-0.0206859,-0.0503031,0.0425066,-0.0487977,0.0480965,0.0134558,0.063579,-0.0567739,-0.104122,0.0527227,-0.0335137,0.029363,0.0397302,0.0393024,-0.0255459,0.0525408,0.0586574,-0.00539536,-0.0908238,0.100597,-0.0279918,-0.099424,0.119183,-0.0847773,-0.156373,0.136462,-0.115854,-0.0681462,0.0338316,-0.14815,-0.0178923,0.0311237,-0.0179312,-0.0595511,-0.0158293,0.0200731,0.0933998,0.0182669,-0.0739725,-0.0156692,0.0292384,-0.0306616,0.00625718,-0.00626884,0.0544416,0.00482309,-0.068932,0.0620761,0.0697353,-0.0292623,0.0285799,0.00358409,0.0336698,0.00192102,0.0063679,0.0917568,-0.0641972,-0.0373934,-0.0659746,-0.0805722,-0.00583369,0.00119674,0.050428,-0.0362411,0.0495158,-0.0551063,0.0383914,-0.0102094,-0.0223312,0.0264061,0.0211675,-0.105263,0.0270972,0.00668165,0.0140347,-0.0370078,0.033644,0.0682195,-0.209129,-0.0454524,-0.00459768,-0.141558,0.0311993,-0.0277516,-0.0986229,0.0628371,0.0101067,0.029657,-0.0367533,-0.0650826,0.00901146,0.0386645,0.0485512,-0.104414,-0.0304502,0.0639541,0.0921067,-0.00317943,-0.0130837,-0.000671362,0.0655261,0.0099468,-0.104153,0.0104386,0.0158041,-0.0392298,-0.121226,-0.000956842,-0.114748,-0.0468966,0.00492937,0.0727612,-0.0431738,-0.0738009,-0.0309512,-0.0915592,0.0509392,0.0247049,-0.0558633,-0.161385,-0.128442,-0.0380289,-0.00830122,-0.0945814,-0.0997367,0.0381146,-0.0814676,-0.015967,0.048711,-0.00785491,0.0608782,0.0331761,0.00865784,-0.0619846,-0.0375739,0.0636214,0.0597622,-0.0102535,-0.0120254,-0.0157332,-0.0210707,0.0597061,0.0513482,0.024743,-0.0769933,0.0546214,0.064681,-0.0462763,0.0118603,-0.0835267,0.0328604,0.0110488,0.0916888,0.0818757,-0.0327314,-0.0626334,0.0180174,-0.0340629,0.00175809,0.0450702,-0.00416634,0.00404197,-0.0172643,-0.0501851,0.0503256,0.0391469,-0.00332102,0.0797999,-0.0998147,0.0170236,-0.0513939,0.059631,0.143168,0.0589696,0.0259,0.143788,-0.150318,0.0831139,0.0685507,0.0368766,-0.0128791,0.13177,-0.08086,0.0335915,0.0191156,-0.103979,0.0229184,-0.0330454,0.0756929,0.0834611,0.059337,0.0207033,0.0593433,-0.0346146,0.0449194,-0.0158796,-0.0440382,0.021558,0.0602339,0.0379691,0.0387889,0.0177845,-0.0244625,0.0309576,0.00579302,-0.0306737,0.023996,-0.0767153,-0.0361003,0.00226257,0.0562908,-0.108301,-0.0153314,-0.0604759,0.0290242,-0.0777386,-0.0255302,0.0320759,0.0498938,-0.0130976,-0.0934009,0.108309,-0.0234568,-0.0556704,0.0578225,-0.154291,
-0.110071,0.156005,-0.0294812,0.152233,0.018504,0.0177742,0.017149,0.0180081,0.0388583,-0.0124943,0.233376,0.0793309,-0.000970733,0.106216,0.170511,0.188321,0.0965068,0.17424,0.270141,0.00751347,-0.231762,-0.360345,-0.249378,-0.267223,-0.0801414,-0.198535,-0.122562,-0.127112,-0.135773,0.286763,0.212927,0.197897,0.246105,0.206419,0.177145,0.269398,0.0764547,0.2944,0.177644,-0.00499313,0.0473253,0.139192,0.0799148,0.133069,0.0267876,0.143937,0.109848,-0.0430556,-0.118992,-0.0342639,-0.0808649,-0.0304553,-0.0441687,-0.140451,-0.146224,-0.143127,-0.0344768,-0.0133795,-0.0462906,-0.0252823,-0.0437518,-0.00220231,-0.0517417,0.0703434,0.010748,-0.0679201,-0.042519,-0.0535048,0.0196667,0.159648,-0.0195207,0.0260999,-0.000827143,-0.0942943,0.0335758,-0.0425688,-0.0715509,0.0256798,0.0400108,0.0311634,0.0182456,-0.106139,-0.124587,-0.0126883,-0.0518345,-0.106107,0.0525553,0.0160194,-0.0604101,0.0739532,0.071475,0.0659632,0.0402435,-0.0118569,0.156915,0.0916089,-0.0116467,-0.011938,-0.00395815,0.00472919,-0.0581735,-0.0556312,-0.0319361,-0.0596183,0.0439427,0.0209185,0.0466476,-0.0399584,0.00538526,-0.0423467,0.0739583,0.0531337,-0.0889635,-0.017806,0.0123364,-0.00772283,0.0381316,0.0340058,0.0510623,0.0272837,-0.00333036,0.0945619,-0.005295,0.0420142,-0.0222444,-0.0224162,-0.0300174,-0.0780779,-0.0338581,0.0613654,0.00361824,-0.0263414,0.0118364,-0.069248,0.0400036,-0.0353439,0.107122,-0.0777364,-0.0714269,0.0453815,-0.0702317,-0.0295377,-0.121361,-0.0496656,-0.0200457,-0.087733,-0.101523,-0.0589446,0.00727742,-0.101013,0.141512,0.015411,0.144694,0.0494626,0.0366033,-0.0150364,0.0940054,-0.0403453,-0.18526,-0.139179,-0.1458,-0.19657,0.0292597,0.0386844,0.0504401,-0.063285,0.0733675,-0.0345277,-0.0103848,0.0367172,0.108111,0.0458177,-0.0166259,-0.0369386,0.0158074,-0.0312695,-0.162192,-0.0979327,0.133322,-0.0967131,0.040271,-0.0146963,-0.0345159,-0.0989133,0.00182453,-0.0270949,0.0701907,-0.026697,0.0945895,-0.0332561,-0.0672079,-0.0197903,0.0218863,-0.0610367,0.0654379,-0.127132,0.00785684,0.0058941,0.135439,-0.104956,2.85612e-05,-0.0689713,0.00458413,0.0143141,-0.0700898,-0.0310071,-0.107635,-0.0872256,0.0244443,-0.114115,0.0292133,-0.0646063,-0.0217688,0.112437,0.00901196,-0.0424367,0.000263754,0.00788284,-0.0577551,-0.147218,-0.0887783,0.0914661,-0.0182464,0.128649,-0.0167791,0.230994,0.0316223,0.00841465,0.0595099,0.0768739,0.17544,0.0177144,-0.17057,-0.0888472,0.00359021,-0.0920504,0.0192745,-0.0585838,-0.082027,-0.0713193,0.0459205,-0.137811,-0.118158,-0.113493,-0.167284,-0.12015,-0.1425,-0.0994392,-0.134669,-0.00826338,-0.0748361,-0.0680215,-0.0335349,0.054049,0.0073959,-0.103467,-0.0535924,0.0232434,0.018034,0.0216925,-0.0757296,0.0870076,-0.0210926,-0.040227,-0.014657,-0.429334,
0.00743749,-0.0321498,0.0380916,0.0097312,-0.0325055,-0.000394048,0.0916082,0.0210632,0.187117,0.0280289,-0.0961468,-0.0323624,0.0658605,-0.062777,0.14339,-0.0106527,0.0457557,0.0749834,0.0578121,-0.0427598,0.08326,0.0256507,0.123656,0.258486,0.0674824,0.082687,0.169059,0.102854,0.0802097,-0.141716,0.054022,0.177015,0.0467143,0.0503561,0.0402806,0.0875986,0.0757182,0.120219,-0.144089,0.0303709,-0.0346926,-0.0325645,-0.0218923,0.00684337,0.000672301,-0.0705725,0.0461698,0.0772693,-0.0293603,0.0423756,0.0386013,-0.0687467,0.0194166,-0.00715876,0.0615551,0.0626682,0.0408341,0.022769,-0.00232605,-0.0323532,-0.0978181,0.075656,-0.0515995,-0.0377799,-0.0107093,0.0226989,0.0441033,0.0139177,0.0381523,-0.0646897,-0.0699266,-0.00466102,0.023548,0.0173611,0.100977,0.041255,-0.0683425,0.0497894,-0.022581,0.0064877,0.0831366,0.051016,0.0318115,0.0717383,-0.00382785,0.0371874,-0.00955796,-0.034728,0.0497443,0.0555524,-0.0747778,-0.0594663,0.13565,0.0183872,0.0774881,-0.0228296,0.0130129,-0.0333709,0.0859781,-0.00239323,-0.0153784,-0.0645802,-0.0277136,0.113261,0.0364067,-0.0284366,0.104792,-0.0252009,-0.00372478,0.0307274,0.0616818,-0.0775728,0.0313072,-0.0917109,0.0193485,0.0725841,-0.16099,-0.043667,-0.05567,-0.0189206,-0.0517307,-0.0507877,0.0804485,-0.0547033,0.0255954,0.00192684,0.0278696,0.0495679,0.00469904,-0.00367235,-0.0495601,-0.0678936,-0.0213344,-0.00149793,0.0339076,0.0128783,-0.0220279,-0.0128254,0.0633345,-0.116197,0.0115319,-0.118252,0.0255649,-0.0202617,-0.00649382,-0.0811125,0.019572,-0.00539467,-0.0258801,0.0720932,0.104764,0.0148896,0.0983535,0.0404148,-0.0419168,-0.00113329,-0.0194989,-0.135717,-0.0449729,0.0396585,-0.0504582,0.0837108,0.0218378,0.0188643,0.0104817,-0.0322038,0.012779,0.0800176,0.0277473,0.024353,0.0751471,0.0774257,-0.0153914,-0.016789,0.0529338,0.0470116,0.0208268,-0.025863,-0.0374261,-0.0864025,0.00658666,0.0431984,0.0440033,-0.0144071,0.0283698,-0.0976989,0.0653106,0.0603685,-0.0503373,0.116005,-0.0222858,-0.00795843,-0.0318788,-0.0375332,-0.0307452,-0.0118285,0.0644224,0.0139569,-0.16726,0.0448813,0.0576491,-0.121336,-0.02905,0.0815797,-0.0651171,0.0142376,-0.0767359,-0.0381008,-0.0974016,-0.102699,-0.0932421,0.0826882,0.00398485,-0.120031,-0.0639562,0.00655157,0.0215921,-0.0455667,0.0683371,-0.0203754,0.0547215,0.117318,0.00408218,-0.0832255,-0.0410276,0.0462229,0.082543,-0.0884023,-0.0571879,0.0247681,-0.0259197,-0.102889,0.04127,-0.0866578,-0.0672726,0.0233156,-0.0930857,-0.114349,-0.0713744,-0.125427,-0.0346267,0.0218342,0.0199137,-0.0142859,-0.0298626,-0.104429,0.0711171,0.0293175,0.151911,0.0422641,0.0323189,-0.114919,0.0412708,-0.0367743,-0.0274143,-0.109871,0.0679838,-0.0456115,-0.0260807,-0.0291995,0.0277766,0.0507119,0.118525,0.0685046,-0.0968063,-0.10178,
0.0559446,-0.0414479,0.0174886,0.0482927,0.0147794,-0.102585,0.0437475,-0.039243,-0.0590331,-0.0480613,-0.177343,-0.104634,0.0873434,0.00289202,0.0529701,-0.0342841,-0.0699448,0.0202141,-0.0347925,-0.106589,0.233954,0.0200111,0.013726,-0.0217332,0.0530813,0.00893239,0.132426,0.0444028,0.078302,-0.0907619,-0.0789955,-0.0910817,-0.101221,-0.0220223,0.0785839,-0.0805346,-0.0302295,0.0125873,0.0106447,0.0590206,0.0618496,0.0121631,0.0035246,-0.0858119,-0.0245969,-0.0250514,-0.0408325,0.0798496,-0.0392473,0.152085,0.0521081,0.125456,-0.068502,-0.00136502,0.0714561,-0.156832,-0.05821,0.0369995,-0.000998947,-0.00602887,0.0289222,-0.0145202,-0.13124,0.0322697,0.065376,0.0597545,0.00393526,0.146468,-0.00764869,-0.0896546,0.0722656,0.077426,0.0558282,-0.178154,-0.0302306,-0.0519304,-0.0151867,0.16336,-0.0856521,0.0287281,-0.0219179,-0.100292,-0.108367,-0.0810756,-0.0142454,0.0311646,-0.0189817,-0.0512155,-0.0332913,0.0316342,0.0104231,0.025516,-0.0847176,0.115063,-0.0345215,0.0858121,0.0346794,0.0233938,0.0392194,0.101537,0.0395043,0.11975,0.0188021,0.0290403,0.00433258,0.0453012,-0.00714421,-0.129224,-0.0108964,-0.01841,0.0574643,0.0253147,-0.0058258,-0.0353709,0.11436,0.0187812,-0.00947351,0.020705,-0.00726553,0.108819,-0.0622686,0.00912587,0.0385308,-0.0356514,0.102765,0.0748426,-0.0376257,0.00474397,0.064129,0.00435973,0.0668432,-0.0471504,0.036893,0.0227675,0.00241179,-0.132035,-0.00877918,0.040461,-0.0177293,-0.0359501,-0.023636,0.00645583,0.0123119,-0.125406,-0.0323387,-0.0606303,0.0108315,-0.0611283,0.00275072,-0.0246523,-0.0413742,0.0196227,0.0564041,0.0060128,0.0183047,-0.00243787,0.0685842,0.0803485,-0.0344861,0.0412112,0.0274007,0.0184902,0.0100566,0.0333453,-0.0460415,-0.0577925,0.0803966,-0.118474,0.0583123,0.0112296,0.0512854,-0.0308784,0.00563519,-0.0582115,-0.0354642,0.0384408,-0.0109878,-0.0511189,-0.0249598,0.00614473,-0.0963414,0.0599412,0.0119059,-0.0799924,-0.0471393,0.0470541,-0.0232241,0.00344436,-0.0166391,-0.0731066,0.101132,-0.0359229,-0.011325,0.00692813,-0.120218,-0.00110804,0.0412961,0.0314782,-0.00895697,-0.0639255,-0.114767,0.0964939,0.0584987,0.020853,-0.00174707,0.101401,-0.0186295,-0.0150749,0.066306,0.0491844,-0.0695141,0.0574297,0.0342988,0.0364253,-0.0200461,0.0463644,0.0404145,-0.0308258,-0.0011406,0.0363867,-0.0197084,-0.102288,-0.00225911,0.00121355,0.0763671,0.0239892,0.0322505,-0.131241,0.0037751,0.0587355,0.0718558,-0.0335214,-0.112968,-0.113747,-0.028895,-0.0651474,-0.00606099,0.016297,0.0793976,0.0469572,-0.0610281,0.0082814,0.0866303,-0.00445497,0.046322,0.00859965,-0.0605819,0.0294869,0.0940829,0.0492605,0.0749146,-0.0635886,0.0133506,0.0497753,0.0186619,0.0146524,-0.0642355,0.123701,0.0578509,-0.0164645,0.0745568,-0.06597,-0.0396227,0.0488769,-0.0773556,0.0772221,
-0.0708661,0.213177,-0.0433018,0.0445064,-0.0754062,0.0389752,0.0444482,0.12485,0.0265619,-0.0031452,0.0851168,0.0888267,-0.0506904,0.0266514,-0.0445382,0.00648609,-0.015705,0.053396,0.094558,0.0876658,-0.0221053,-0.0459867,-0.0100835,0.0243172,-0.0479342,0.0400265,-0.0287388,0.0421789,-0.0948437,0.0525588,0.0897669,0.0472598,-0.0170622,0.101364,0.0502991,0.0776239,0.0580151,0.0525138,0.0525657,0.0743336,0.105808,0.0445246,-0.063094,0.0528607,0.0368228,0.0961209,-0.069196,-0.109446,-0.0216207,-0.0849188,-0.00260131,-0.00711171,-0.113344,-0.12135,0.0242406,0.0603088,-0.0637487,0.00285141,0.025004,-0.0061189,-0.0569069,0.0207141,-0.0246762,0.0156044,0.042054,-0.170496,-0.0783622,-0.0918195,-0.00949029,-0.023606,0.00657892,0.0310068,0.11287,0.0486352,0.0273122,0.0663488,0.0288785,-0.0128798,-0.0772327,-0.079663,-0.0108854,0.0019255,-0.0191195,0.0287675,-0.0511485,-0.0300713,-0.0402062,0.0509292,-0.0146845,-0.0599253,0.0625234,0.0158723,0.131553,-0.0329856,0.0574402,0.0454511,0.0600392,0.133123,0.0640136,0.000659246,-0.0818602,-0.113555,-0.110031,-0.111157,0.0144849,0.00639504,-0.00102631,0.0677978,0.080041,-0.000800613,0.0383104,0.0241763,0.0443407,-0.148893,0.0769757,0.0131624,-0.0750712,0.00445034,0.0165943,0.0415538,-0.0418627,0.0464984,-0.00189587,-0.103892,-0.0581199,-0.0026504,-0.0647145,-0.00853596,-0.0124703,0.0115122,0.10859,0.0261158,-0.0643919,0.038221,-0.0949652,-0.194491,0.00169567,0.0143537,0.123698,0.0829594,0.0454197,-0.00776049,0.0120313,-0.0712311,0.0856664,0.0677942,-0.109624,-0.0231766,0.0410396,0.13371,0.0208253,0.112032,0.0190043,0.0422346,-0.0810887,0.015005,-0.0639809,-0.0752441,-0.0250803,-0.0728959,-0.0288793,-0.0681241,-0.00595171,-0.0776349,-0.066081,-0.0498367,0.0627272,0.0482199,-0.0215562,-0.022278,-0.0787725,-0.00498574,0.0308653,-0.0202652,-0.0122619,0.109587,0.0611412,-0.0610076,0.104316,0.0159231,0.0609641,-0.06269,-0.0760927,0.0510406,-0.0203116,0.00639732,0.00986502,-0.0100655,-0.00663945,-0.0963955,-0.0501256,0.033508,0.104431,-0.0910376,-0.028578,-0.0641832,-0.0299416,-0.0170889,0.0350361,-0.074015,-0.042767,-0.0102475,-0.00946697,0.0632888,0.0989665,-0.00581669,0.0518201,-0.0809495,0.0639778,-0.0272713,-0.0301745,-0.0529614,0.104084,-0.0293106,-0.0174576,0.00121423,-0.0375856,-0.0132604,-0.046765,0.0683826,-0.0614056,0.0209402,0.0783663,0.128119,-0.00900552,-0.0613468,0.0177537,0.0678664,-0.0821713,0.0354813,-0.0494835,0.00973833,0.123679,0.0987269,0.0867998,0.08913,0.0414999,-0.0468312,0.0182877,0.0567969,-0.0519021,0.0116992,0.0494726,0.0623883,-0.0772221,-0.101359,-0.144241,-0.0545524,0.0565973,-0.049011,-0.0498876,-0.0101227,-0.0477707,-0.121702,0.00807422,-0.027406,-0.098076,0.0594299,-0.0295022,-0.0222047,-0.094637,-0.100777,-0.0763488,-0.0281418,0.0443472,-0.234983,
0.104191,-0.0649887,-0.00846146,-0.0159561,-0.0578726,0.00525868,-0.0320141,-0.00473054,0.0327308,0.103217,-0.0817803,0.128966,0.0467955,0.0445135,0.0954358,-0.0146303,0.0242032,-0.0316752,-0.0701751,0.00131194,0.0232156,0.126475,0.0178881,0.0438968,0.0152244,0.0381849,0.0881886,0.0758344,-0.0037764,-0.108845,-0.160452,-0.192908,-0.213786,-0.0942861,-0.100606,-0.110609,-0.108575,0.0369991,-0.0232968,0.00150886,-0.00837184,-0.118128,-0.177246,-0.0374098,0.0386414,-0.0391182,-0.074872,0.147571,0.139054,0.0783876,0.101669,0.0292022,0.12834,0.0811681,0.0658629,0.0809604,0.0219493,-0.0149558,0.157249,-0.0388894,0.0799779,-0.0454377,-0.110412,-0.00188045,0.00377541,-0.0712576,-0.0395449,-0.0674209,0.0385742,0.0264144,0.0885491,0.143846,0.0782582,0.0363793,0.0144789,-0.0087213,-0.117579,-0.0378386,-0.0475942,-0.0329642,-0.0170498,0.0152917,0.0174497,0.0799066,-0.000471724,0.0131753,-0.0362906,0.0500104,-0.11234,0.000394608,-0.0052709,-0.0294587,-0.0724537,-0.0328173,-0.00434003,-0.0419197,0.0211625,-0.0166803,-0.0495725,-0.0196269,-0.00758992,0.0621549,0.025458,-0.00916501,0.0144977,-0.112456,0.0464472,0.0517518,0.0777024,0.0997709,-0.0496171,0.038335,-0.113465,0.0716245,0.0355418,-0.00477688,-0.0700154,0.105202,0.00208867,-0.0341328,-0.0337223,0.0518345,-0.0610652,-0.0282908,-0.0369236,0.000228784,-0.0156759,-0.0513574,0.00472899,-0.00713547,0.013301,0.0402148,-0.00971146,0.0940946,-0.0530685,0.0215346,-0.0248826,-0.0434879,-0.0134031,0.00945487,-0.200792,0.144969,0.158435,0.0828844,-0.0126442,0.0816365,0.0773525,0.0710866,0.0183392,-0.170521,-0.14697,-0.2124,-0.0016988,0.113778,-0.0505634,-0.158107,0.130532,0.0444191,0.0555937,0.0624942,0.0303057,0.103442,-0.024585,-0.0223515,0.0430799,0.0132996,-0.0756433,-0.0640492,-0.054601,-0.0887625,0.0423206,-0.0640775,0.0546079,0.0774132,0.0797524,-0.00600707,-0.127366,0.0220833,-0.0439909,0.0452041,-0.0169638,-0.0568088,0.0274732,-0.110728,-0.0175834,0.0295372,0.0405297,0.0101184,0.095884,0.0595998,-0.00941748,0.00915957,0.00959108,0.0911111,-0.0609748,0.0103517,0.0338425,0.12174,-0.0534981,-0.120854,-0.0487862,-0.069184,0.0159815,-0.0357345,-0.0366481,0.0193307,0.0629242,-0.0329516,-0.0124937,-0.0629434,-0.0868394,0.0450662,0.0623327,-0.07884,0.0627578,-0.0561119,0.0638099,0.0269249,0.1046,-0.0464372,0.0618486,0.0451579,0.0983031,0.0137095,0.00605651,-0.0839617,-0.0357014,-0.0105031,-0.00180243,-0.00189653,-0.0405909,-0.00730982,-0.178188,-0.127911,-0.0507468,0.0520364,-0.00607908,-0.0345903,0.00136332,-0.0325278,-0.0462695,0.0873393,0.168429,0.0880304,0.0482074,0.107065,0.024823,0.118209,0.110027,0.00173425,0.059936,0.0469986,-0.0159183,0.0984183,0.0465366,0.0208648,0.0289265,-0.0649346,-0.0212707,0.0687677,0.0388309,0.0552878,0.129287,0.00366621,-0.0331907,0.298527,
0.213599,0.103372,0.00604579,0.0778744,0.125647,0.102748,0.211403,-0.0206063,0.167952,0.173824,-0.111809,0.0468809,0.134132,0.000408844,0.0491481,0.0116826,0.102574,-0.0910135,-0.0726113,0.0433013,0.237603,0.144905,0.250713,0.0773381,0.219325,0.214604,0.195347,0.146629,0.192603,-0.115136,-0.201856,-0.189909,-0.0855605,-0.0775368,-0.0532584,-0.0512811,-0.0239083,0.0264106,0.0347439,-0.137905,0.00655049,-0.00061275,0.0327424,-0.0198187,-0.109506,-0.0603025,-0.0572524,0.00115598,0.0820709,0.00886162,0.0268714,-0.105762,0.0105645,0.0272455,0.057886,0.0796499,0.00652972,0.113297,0.0339382,-0.0136214,0.0124437,-0.0299874,-0.107254,0.0479337,0.0129646,-0.0766657,-0.00458544,0.170615,-0.0643995,-0.0679727,-0.0263295,0.0446532,0.0516881,-0.0719781,-0.0230992,-0.0486952,-0.0504094,0.0345962,-0.0493693,0.0434979,0.0540545,0.0672147,0.0109413,0.000239804,0.00929164,-0.0899533,0.0411026,0.0835156,0.0158526,0.069927,-0.0429665,0.0651098,0.0386993,0.120495,0.0808344,-0.0114054,0.0860505,0.0143253,-0.0730027,-0.0247872,0.0121342,0.144334,0.135608,-0.0155404,0.0622966,0.0427871,-0.0562552,-0.0271368,-0.0422892,-0.0562815,0.0865818,0.0154665,0.0286563,-0.0755747,0.0182131,0.0187782,0.0229738,0.0077948,-0.0265646,-0.00746378,-0.0663394,0.00357963,0.0627228,-0.00174679,-0.017524,-0.00592171,0.0458113,-0.0367193,-0.00789355,0.05077,-0.0150408,-0.00474035,0.00653755,-0.0600677,0.11114,0.0333221,0.0960682,-0.016886,0.00838862,0.0602354,-0.20942,-0.213132,-0.121814,-0.012438,-0.0308989,-0.114733,-0.0828543,0.0698008,-0.030925,-0.117996,0.0103882,-0.125438,-0.0968392,-0.0755896,-0.136761,-0.0554762,-0.0323038,0.0288051,0.10708,0.114286,0.17661,0.0902845,0.0610063,0.0664091,-0.0191457,0.0499632,-0.0512224,0.0750879,0.0031182,-0.000290717,-0.0218713,0.00542235,-0.0166011,-0.100783,-0.0676967,-0.048927,0.0141228,-0.0178791,-0.0290781,-0.0745725,-0.0417248,-0.0577399,0.026038,0.0745428,-0.0635805,-0.0121737,-0.0306667,-0.0106786,-0.0343239,-0.0403439,-0.102742,0.0238425,0.0177224,-0.081012,-0.130103,-0.0915358,-0.0575555,-0.00262607,-0.0483469,0.0201034,-0.0119881,0.00688771,-0.0297104,-0.0509761,-0.00319299,-0.0805468,-0.0339275,-0.0176263,-0.0288154,-0.0541101,-0.0207243,-0.101915,-0.0897023,0.0195618,0.016896,0.0205991,-0.0485103,-0.0262512,0.0363485,-0.00727598,0.0504781,0.04407,-0.0205677,0.169982,0.130944,0.030809,0.132456,0.209373,-0.00359349,0.0563158,-0.0594275,-0.0290888,-0.0740965,-0.204109,-0.24449,-0.242987,-0.11165,-0.110244,-0.0666565,0.0611152,0.0410221,0.0833982,0.0660401,0.0900562,0.0634701,0.0496253,0.0917957,0.0586624,0.0845817,0.0214046,-0.0358599,0.114783,-0.0861426,-0.0982347,0.0950366,0.0819714,-0.0819674,0.0725642,-0.000856521,0.0667977,0.079381,-0.0468525,-0.0287234,-0.05161,-0.085943,0.223448,
0.0893466,0.00568214,0.0941123,0.0125237,0.111299,0.0695542,-0.00704281,0.0484818,0.103065,-0.0521169,-0.0507054,-0.0697666,-0.0780666,-0.0636386,-0.0716213,-0.0857349,-0.0576701,0.0227211,0.161906,-0.0305375,0.0809658,0.0734234,-0.0226189,-0.0725718,0.119914,0.119294,0.089061,0.143017,0.0845793,0.075758,0.0967244,0.109544,0.109753,0.0593422,-0.00364029,0.0426962,0.033384,0.0180166,0.15957,0.0919722,0.0316596,-0.00828804,0.0341268,0.0364909,0.120366,0.0767179,-0.00472602,-0.203479,-0.0556899,-0.0855646,-0.161,-0.0737785,-0.0862016,-0.0281197,-0.0875298,-0.0699958,-0.0156033,0.0110181,-0.00708697,-0.0396402,0.00506652,-0.000958449,-0.0893977,-0.115758,0.0602805,-0.0255433,-0.060466,-0.0898236,0.00989289,-0.0295451,-0.0737821,-0.011528,-0.0611963,-0.0255606,0.0593807,0.0587665,0.0748478,0.0351216,-0.0541756,-0.0282328,0.0393203,-0.00914171,0.0561716,0.0582354,0.0507528,-0.00527113,-0.0371841,0.067915,-0.0546507,0.0520942,0.0300371,0.0263256,-0.0374223,0.0752249,0.00710689,0.116897,-0.0184009,0.0016876,0.110922,-0.0493557,-0.00156765,0.0197668,-0.131721,-0.0587261,0.0275301,-0.00217354,0.00673218,0.088731,0.0862863,-0.0282803,-0.0618745,0.0816485,-0.0259885,0.0414516,0.00333306,-0.0165615,0.0619169,0.0071863,0.0356697,0.00517563,0.133314,-0.064674,-0.0343586,-0.0624111,0.0491021,0.00114934,-0.0394592,-0.00797181,-0.00137627,0.0326754,0.121942,0.0904417,-0.0255014,0.000916164,-0.077906,0.00516691,-0.0835232,0.0313933,-0.136025,-0.0814678,-0.208758,-0.261267,-0.203138,-0.1993,-0.212148,0.00678902,-0.088022,-0.192679,0.0628224,0.20173,0.152558,0.119404,-0.0114207,0.062068,-0.112638,-0.0255376,0.0695517,-0.0774476,-0.0190632,0.0217434,-0.0328608,-0.000163774,0.0920945,0.0551628,0.145003,0.122284,0.026784,-0.0271194,0.00447087,-0.0252237,0.019158,0.0523175,0.0494211,0.0115176,-0.087403,-0.0936719,-0.0329539,0.0502507,-0.0489358,-0.0127974,0.0620269,-0.0920417,-0.0618129,0.0535451,-0.00478085,0.101413,0.122396,0.107303,-0.0526044,0.0256102,0.0231568,-0.0225027,-0.0642402,-0.0271532,-0.0619785,0.0209425,0.0357247,-0.0541054,-0.0297138,-0.0260381,0.107507,0.0254674,-0.0725382,0.0400194,0.0573519,-0.00494358,-0.100423,-0.156393,-0.0931572,-0.0844868,0.0330824,0.0687255,0.151908,-0.00834564,-0.168667,-0.142926,-0.167168,-0.135569,0.0860555,-0.0266234,-0.0234316,0.00110033,0.117729,0.179895,0.158891,0.102387,0.157661,0.0419236,0.0873805,0.103651,0.066488,0.0396847,0.0401055,-0.0516458,-0.0812838,-0.071593,-0.00316823,-0.0100843,0.000586023,-0.0700769,-0.101117,-0.102853,-0.0323457,-0.107124,-0.0588646,-0.0417017,-0.0564315,-0.0781924,-0.0755511,-0.0324959,0.0277096,-0.0205517,0.030088,0.0400254,-0.0889788,0.00366359,-0.0434875,-0.0742593,-0.0665446,0.0162627,-0.000563006,-0.116894,-0.0296091,-0.120429,0.0647575,-0.118285,
-0.0152822,-0.0680794,0.0448142,0.0908679,0.0331675,-0.190471,-0.092904,0.0947496,-0.0812262,0.0493745,-0.0455947,0.0282463,0.0700628,-0.0973915,0.0731766,-0.0105251,0.0573335,-0.0159029,-0.0777177,-0.0251257,-0.0907312,0.0124251,0.0543248,-0.0663316,-0.0263143,0.0275001,-0.00767846,0.0305661,0.0578261,-0.100288,0.0674618,-0.0273012,-0.00513435,-0.008084,-0.105064,0.00382443,0.0382879,-0.0384395,-0.0802748,0.0381807,0.0038571,-0.12383,0.00263165,0.0857047,0.0366398,0.0302592,0.0678756,0.0284836,0.0444634,-0.0234489,0.0644283,-0.0548025,-0.0316858,0.0390759,-0.0590928,0.0301335,0.0285392,0.0765462,-0.0547201,0.0371314,-0.00388819,0.118673,-0.019886,0.0165293,-0.0895347,0.00917423,0.0689531,-0.0650664,-0.0271271,0.000223895,-0.00643681,-0.0211112,-0.0390019,0.0641001,0.0497289,0.110928,-0.030752,0.00753793,-0.0353228,-0.0478539,0.065246,-0.00179423,0.0195155,-0.0231788,-0.0719416,0.0188515,0.00347792,-0.0972046,-0.132104,0.098377,-0.0497063,-0.0153404,-0.0740692,-0.0707912,-0.0789015,-0.00213154,-0.0508023,-0.0298759,0.0250518,-0.0438412,-0.130482,0.0795063,0.0137913,-0.0311868,0.0295684,0.0796697,-0.00505871,-0.109766,-0.0365859,0.022498,-0.00317521,-0.0173921,-0.0312764,0.0619806,0.0897674,0.0571272,0.0531668,-0.0194042,0.00490457,-0.0855902,0.053171,0.0540086,0.0307302,-0.0351216,0.127848,-0.0169821,0.108908,-0.135058,-0.0105783,0.0531694,0.00154723,-0.0433811,-0.0628919,-0.01624,0.0244981,0.0242124,0.120447,0.0823721,0.141469,0.0794042,-0.0210553,-0.0483514,0.0270574,0.0285842,-0.111575,-0.00325843,-0.00734455,0.0421311,0.0237797,-0.0898421,0.00198464,0.179549,0.110438,-0.0657214,0.0437121,0.0769861,-0.0645102,-0.0404361,0.0218055,-0.112845,0.0874709,0.0274518,0.0113599,-0.0981062,0.0244838,-0.0986514,-0.0912607,0.0469786,-0.0569361,0.0542465,0.0144907,-0.00227041,0.0458402,0.0125315,0.0739825,-0.0392822,0.072619,0.071328,0.0189827,0.0331147,0.0174814,0.00649492,-0.137541,-0.0138585,0.0346275,-0.0225023,0.066616,0.085622,0.0079202,-0.0310721,-0.0421216,0.0979436,0.0635034,-0.0650205,0.0259447,0.0702666,-0.109342,0.071203,0.0101213,-0.0163262,-0.00587425,0.11769,-0.015664,-0.104498,-0.0829851,0.00272065,-0.00799903,-0.160911,-0.0485186,-0.113861,0.0236784,-0.0358545,0.11387,0.0425105,-0.00858781,0.0146507,-0.000525602,-0.0287721,-0.0326231,0.0548643,-0.0429581,-0.0513107,2.02248e-05,0.0316032,-0.0411247,-0.0232253,0.0388885,0.00404314,-0.0481779,-0.0220119,0.161893,-0.0427564,-0.00174625,0.141163,0.0600877,0.00380907,0.12308,0.0624432,0.0266229,-0.0809566,0.0338681,0.0305848,0.0559768,-0.101038,-0.0961413,-0.00731436,0.0187059,-0.0696289,0.0599867,0.0521593,0.0755503,0.0303206,-0.0252506,-0.00769331,0.021997,-0.0438138,0.00123445,-0.0145548,-0.101862,-0.0155195,0.123767,0.0993139,0.0507138,-0.0529214,-0.00609807,0.00867932,
0.0886176,-0.0861735,-0.015236,-0.0188656,-0.140323,-0.00666895,-0.0436396,-0.0191426,0.0220968,0.0918711,-0.0185191,0.138235,0.0923801,0.0796418,0.134424,0.0996303,0.0125498,-0.022803,-0.0203651,0.0786238,0.0117195,0.0819005,0.134775,-0.0333939,0.0162137,0.0643321,-0.0471783,0.0744596,0.0564885,0.0469233,0.034436,0.102168,0.0236163,0.178549,0.149359,0.0114011,0.0845629,0.0642978,-0.0374564,-0.0784726,0.0133191,-0.00265916,-0.0743642,0.0897718,-0.018026,-0.0823469,-0.00181418,-0.015667,0.00731602,-0.121891,-0.0685741,-0.0397842,-0.0407147,-0.00622055,0.0909367,0.0126601,-0.00672703,0.087455,0.0803371,0.0186133,-0.000693943,0.0123197,-0.0503989,0.0945779,-0.0550001,0.0164305,-0.0644634,0.0330523,0.118428,0.0550618,-0.07113,-0.0577265,-0.0696764,-0.0517441,0.0410526,-0.0076032,0.0036677,-0.0275858,0.0190088,0.0262841,-0.0251039,-0.0174461,-0.0496449,0.0160239,0.00384934,-0.00986237,0.0526466,0.0369874,-0.013404,-0.0476025,-0.0392264,0.0260659,0.0939134,0.0130492,0.0143733,-0.059364,-0.0182267,0.0262389,0.0258355,-0.0292268,0.0287226,0.0450054,-0.0436616,-0.101413,0.0152753,-0.0429036,-0.0156985,0.0132678,-0.0151849,0.0216852,-0.0533638,0.0971112,-0.0554477,0.0047847,-0.0382669,-0.00450134,0.0543404,-0.035224,-0.0657872,0.0986208,0.0511131,0.038477,0.0120089,-0.0428518,-0.0249957,-0.0149285,-0.00352786,-0.0154509,0.040501,-0.032862,0.0774458,0.0266376,0.0100264,-0.140887,-0.0635799,0.002123,-0.00831956,0.0616144,0.0349773,-0.0540738,0.0818291,0.0468477,0.0307307,0.0196762,0.0165842,0.13604,-0.0346252,0.0128787,0.0380622,0.124712,0.0285925,-0.0638547,0.0140188,-0.00821357,0.0190295,-0.0228508,0.0450119,0.0391924,-0.0862869,0.0402833,-0.0122417,-0.176245,-0.0144024,0.0257367,-0.0362181,-0.101049,-0.0060598,-0.0274017,0.032868,-0.0580812,0.101527,-0.00856509,-0.063447,-0.0903895,0.0578774,0.0359208,0.0846394,-0.0412339,-0.0357831,0.0481517,0.0446316,0.0693153,-0.00123355,0.0216676,-0.0298865,-0.0661406,-0.0109729,-0.0491063,0.0303779,0.120918,0.113228,0.0013059,-0.0768384,-0.0174547,0.164574,0.00407569,0.0074169,-0.0667386,0.0372347,-0.0871182,0.00538339,0.0425073,0.0314235,0.0090568,0.0888847,-0.0421438,0.0403967,0.0564255,0.0335086,0.0101363,-0.0847275,-0.0283441,-0.00385498,0.0350369,-0.00120381,-0.113148,0.0639504,-0.0493712,0.0248028,-0.0578133,-0.0469295,-0.00346306,0.107375,-0.0314615,-0.0523894,-0.0508417,-0.0532966,-0.0104356,-0.0257767,0.0017826,0.0178234,0.0216272,0.0376613,0.0262084,0.0569318,-0.0245991,-0.114989,0.0749606,-0.0320908,0.180049,0.0372125,0.0923227,0.0569741,0.0242318,0.0286222,0.0703227,-0.0819916,0.065505,0.0119705,-0.0224916,-0.0227265,-0.00570169,0.0508867,0.0219982,-0.0171472,0.113213,0.0386695,0.0852658,0.0315363,-0.000387648,-0.0559826,0.074656,0.00144351,-0.0881549,-0.0168004,-0.0274704,
-0.0156153,-0.00483191,-0.0283479,-0.0660162,0.0326196,-0.00602382,0.0126757,-0.0562565,-0.0319379,-0.0370544,-0.0380534,-0.00460524,-0.042792,-0.00782447,0.0355473,0.00245942,-0.0363345,-0.0640506,0.0426696,0.0936762,-0.0574798,0.0164705,0.0295702,-0.062077,-0.0425542,-0.00880908,-0.0530922,0.00713715,0.0315838,-0.0056466,-0.0435747,0.00820366,0.0800738,-0.0100315,-0.0655252,0.0328026,-0.0495562,0.053066,0.00561913,0.00572717,0.222515,0.0706367,-0.0202069,-0.0681388,-0.093702,-0.112277,-0.0443539,-0.0575998,0.00619589,0.0741478,-0.0191111,-0.0757738,-0.000642016,0.0307413,-0.000754072,0.0423589,-0.0394191,-0.0619164,0.118839,-0.0650536,-0.0611767,0.0550043,-0.0898247,0.000836078,0.104,-0.0372837,-0.0059638,0.121119,0.0253439,0.055793,-0.0650513,0.052391,-0.00398571,-0.0318887,0.0324755,-0.0902957,0.00321096,-0.0112341,0.0714557,-0.181618,-0.143553,0.156716,-0.0232554,0.0596428,-0.035104,0.0230676,-0.0541813,0.0172368,-0.0546762,-0.053785,0.0212987,0.0533696,0.0200339,-0.0406734,-0.119397,-0.0751888,-0.0340127,0.12902,-0.145377,-0.0585021,-0.0330383,-0.0465531,-0.0825511,-0.00300298,0.0628202,-0.073529,-0.170142,0.0787328,-0.00462704,0.0394183,-0.0453755,-0.103985,0.0042168,-0.0055378,-0.0483651,-0.0458523,-0.0128893,0.0450885,0.0666963,-0.108558,-0.0210993,0.0417258,0.0608265,-0.132864,0.118993,0.0533595,-0.0351183,-0.0465028,0.0158759,0.0277469,0.0281583,0.00857822,-0.0402096,-0.0275873,-0.080144,-0.0492598,-0.0379215,0.0136088,-0.0455633,0.0493932,0.141509,-0.12295,-0.0320793,-0.0912925,-0.129102,0.103667,0.0798443,0.0783692,0.0177907,-0.0545181,-0.0524552,-0.0212308,-0.00748393,-0.00852539,-0.0169616,0.00386437,-0.0102542,0.0402278,-0.0672239,-0.0366012,-0.0106155,0.0182961,0.074836,0.0269095,-0.0452629,-0.121248,0.0404194,0.00343259,-0.201045,-0.00632012,0.0723022,-0.0429601,0.0244629,-0.0766769,-0.00436324,-0.00626554,0.0461279,0.175413,0.0232838,-0.046786,-0.0588256,0.024316,0.0154725,-0.035477,0.0992627,0.0833608,-0.0375517,0.0475689,0.0113669,0.0117532,-0.0174652,-0.00792443,0.075309,0.102622,0.0906268,0.0329392,0.026762,-0.0362881,0.0241774,0.0204307,0.0146652,-0.00806837,0.0163899,0.0532526,-0.10767,0.0493993,-0.00653663,-0.00816393,0.0195713,-0.0250737,-0.0775255,-0.0765863,-0.0162579,0.00470224,0.0468142,-0.0946655,-0.064008,0.0519275,0.1152,-0.0627847,-0.0444548,0.0612009,-0.0968306,0.0506196,-0.113143,-0.0421004,-0.0809322,0.0158291,0.0231327,-0.0175608,-0.0372831,0.0155085,0.0213135,-0.0571602,-0.128576,0.0771627,-0.0300442,-0.0423433,-0.020558,0.0110159,-0.0956284,0.03571,0.080876,-0.00674178,0.122965,0.0635277,0.0121002,-0.0545765,-0.00542376,-0.0373394,-0.0328255,0.0959922,0.0122646,0.0174213,-0.0805012,0.0393494,-0.0411905,0.0286538,-0.0782235,0.088334,0.011592,-0.0400848,-0.0120321,0.011623,-0.0185593,0.0574679,
0.317011,0.12889,0.000430633,-0.38197,0.00285013,0.184915,-0.536741,0.0523262,0.175278,0.198428,0.152394,-0.313584,-0.11035,-0.0131049,0.0211994,0.108888,
-0.29455,0.0912821,-0.34955,0.248576,-0.00885975,-0.12461,-0.555127,0.294032,-0.244282,0.130582,-0.231587,0.194716,-0.267708,0.115104,0.244159,-0.273714,
0.24199,-0.291813,0.0373063,0.0683914,0.302284,-0.0415798,0.0362206,0.02303,0.0445229,-0.552213,0.137563,-0.15278,-0.108639,0.299281,-0.0462072,-0.113989,
0.320589,0.309168,-0.195913,-0.0598075,0.189375,-0.671768,-0.220688,-0.274204,0.204376,0.0241549,-0.243275,0.28485,-0.30302,-0.273637,0.1284,0.0136826,
0.340694,-0.579182,-0.283867,0.451949,-0.106462,0.437123,0.653439,0.423344,0.159227,0.270779,-0.0849507,0.104261,0.224721,0.229238,0.280155,0.110569,
-0.366918,0.124332,-0.604267,-0.440059,-0.49406,-0.327023,0.46624,-0.322492,0.0389332,0.079633,-0.0554714,0.440914,0.513474,0.0970628,-0.472448,0.20747,
-0.161998,0.0294253,0.0014569,-0.226444,0.140799,0.178581,-0.0492043,0.456414,0.347451,-0.127727,0.47583,0.908501,0.583317,-0.174553,0.0756649,-0.3261,
-0.217972,0.300015,-0.260899,0.0900017,-0.198774,0.0228727,-0.32011,0.267749,0.0811904,0.202186,0.154442,-0.209619,-0.0554545,0.148289,-0.142899,-0.349587,
-0.154868,0.337988,-0.162128,0.303578,0.125471,0.3438,0.286296,-0.273829,0.262572,-0.0085033,0.312101,0.144392,-0.0234402,0.0893405,-0.417535,-0.0592476,
0.370604,0.227043,-0.519566,0.358728,-0.0591622,0.426768,0.296888,0.207239,-0.120895,-0.462261,-0.247918,-0.12932,-0.161992,-0.708017,0.254259,-0.266018,
-0.129155,0.0662772,0.268113,-0.00613549,0.178265,0.150363,-0.339375,0.124444,-0.0158569,-0.0300993,0.131747,-0.181738,0.177462,-0.000141275,-0.235562,-0.00669507,
0.20849,-0.105257,0.21868,0.248388,0.232391,0.0730429,-0.28099,0.00978005,-0.132754,0.222417,-0.107209,0.0075814,-0.686779,0.283021,0.297686,0.165148,
-0.42888,0.336466,-0.0986928,0.261401,-0.256229,-0.101871,0.301992,-0.342346,0.0574632,0.443235,-0.0424846,-0.617437,-0.109742,-0.183382,0.0724278,-0.119259,
0.340734,0.280856,-0.0656524,-0.0227177,0.0420887,-0.305659,0.0577793,0.0137888,0.150046,-0.0092967,-0.0517447,0.220102,0.261898,0.254255,-0.120611,0.347876,
0.211121,-0.529854,0.187192,-0.166956,0.0465507,0.0240851,-0.0749947,-0.0505618,0.136955,0.227892,0.161544,0.0755308,0.202608,-0.249922,0.215135,0.185283,
0.0798098,-0.591779,-0.178053,-0.249598,-0.0303986,-0.288263,0.0301721,-0.151509,0.0828023,-0.0461583,0.295302,0.140302,0.288319,-0.159738,-0.114971,-0.00244276,
-0.0548662,0.398213,0.180879,0.110405,0.322324,-0.0905812,0.252595,0.0968831,-0.108353,-0.0858932,0.0108568,-0.0136137,-0.0623489,0.0501413,0.312105,0.0174295,
-0.0904057,-0.51179,0.202534,-0.0885754,-0.168544,0.0485454,0.544029,0.159412,-0.114537,-0.051795,0.044207,0.0268148,-0.0894032,0.0274759,-0.197071,-0.194618,
-0.0739453,0.22112,-0.166871,0.210051,0.457039,0.359125,-0.117494,-0.332261,0.208726,0.0263723,0.128565,0.0461744,0.395515,-0.103288,0.289003,-0.53913,
0.0115737,0.0496341,0.00538017,0.0416835,-0.13746,0.0116103,-0.00824136,0.0260546,-0.209425,-0.307886,-0.222724,0.0579021,-0.113453,0.194569,0.0444703,-0.24233,
0.480048,-0.104151,-0.151678,-0.310626,0.30987,-0.130656,-0.443194,0.2874,0.568243,0.278757,-0.171307,-0.0393918,0.416134,0.0887596,0.11221,0.1152,
-0.095563,-0.277534,-0.29304,-0.380035,-0.113583,0.0409673,-0.300798,0.0895488,0.24533,-0.227031,0.0661652,-0.470476,-0.136873,0.0881337,0.130344,-0.0299325,
0.222074,-0.245578,-0.162298,-0.0345032,0.0775434,-0.408507,0.0783191,0.55875,-0.305699,-0.413317,-0.200498,0.299818,0.461162,0.138587,-0.27961,0.415404,
-0.34648,-0.17527,-0.145008,-0.30018,0.0557425,-0.360882,0.745195,-0.116908,0.116,0.0906401,0.236092,-0.621906,-0.14776,-0.0685881,0.496282,-0.229885,
-0.0446042,-0.219817,0.0718554,-0.13401,-0.441741,-0.264007,-0.112526,0.00478487,-0.262069,0.0957352,-0.0817469,-0.0727433,0.123214,0.329389,-0.298955,-0.276911,
-0.0866936,0.081398,0.161348,-0.0683946,-0.191123,0.0702559,-0.355509,0.158063,-0.0600405,0.220809,0.31886,-0.120824,-0.0295419,0.322914,0.280241,0.267332,
0.00417819,0.191848,0.171542,0.14701,-0.427227,-0.36703,0.428233,-0.0476078,0.146712,-0.0800263,0.190623,0.0404133,0.116655,0.255146,0.571618,0.212165,
0.316987,0.121195,0.0365331,0.0672876,-0.0836666,-0.099035,-0.133122,-0.00768637,-0.0105451,0.140153,0.308922,0.092534,-0.0418268,0.436043,-0.258841,0.275562,
-0.363581,0.121862,0.000979057,-0.29769,-0.0378473,0.286822,0.0715677,-0.46925,-0.0103067,-0.500275,-0.0678527,0.307432,-0.267759,0.0558704,-0.343182,-0.104917,
0.136771,-0.0864585,-0.190647,0.342888,-0.12578,0.068216,-0.287307,0.230355,-0.0122413,0.280433,0.283721,0.183212,0.0482519,0.392702,0.0778933,-0.503123,
0.450206,-0.0460753,0.032413,0.122126,0.136741,-0.294986,0.0386773,-0.0174206,-0.079097,-0.152731,0.0658892,-0.402267,0.146456,-0.20974,0.343818,0.155793,
-0.0380514,0.60216,-0.23136,0.282499,0.349229,0.566338,-0.131137,-0.116415,0.300509,0.480669,0.439449,0.0293355,-0.142378,-0.346577,0.240972,0.19313,
-0.213564,-0.337089,-0.199265,0.0128417,0.397617,-0.0544042,-0.19777,0.230012,0.562853,-0.0808141,0.162725,-0.114525,0.445265,0.345788,0.301026,0.115763,
0.00799131,0.341522,0.202596,-0.281409,0.102743,-0.0192975,0.305808,0.00939952,0.385675,0.350585,-0.370301,0.106587,-0.289798,-0.0715655,-0.267451,0.152383,
0.37947,0.374479,0.130826,-0.193879,0.590719,-0.230719,0.0303245,-0.050505,0.250332,-0.0556671,0.0571921,-0.131024,-0.116485,0.186158,-0.353892,0.158867,
0.107877,0.327777,0.104758,0.162911,0.145369,0.0598521,0.264996,-0.410202,-0.172431,-0.430547,0.0703178,-0.0324606,-0.268613,0.21137,-0.312232,0.0566695,
-0.0119767,0.0300561,0.0014468,-0.170099,0.495589,0.54134,0.137294,-0.409992,-0.190329,-0.000123932,-0.587815,-0.536749,-0.907562,0.315522,-0.0804488,0.268619,
0.00781742,0.298876,-0.298504,-0.0477238,0.162287,-0.0994014,-0.388151,0.394509,0.605267,-0.139424,0.478606,0.0985189,0.0380481,0.149136,-0.715644,-0.272552,
0.299705,0.210532,0.805527,-0.0151418,0.397972,0.0185211,0.142709,-0.121377,0.122326,-0.493477,-0.162688,-0.1097,-0.0905722,-0.0574195,-0.18047,0.111441,
-0.163102,-0.528902,-0.0581697,0.316704,-0.0443745,-0.0804039,0.376833,0.190718,-0.262039,0.606152,0.185376,0.223034,-0.080328,0.242657,0.147032,0.454657,
-0.198823,-0.037422,0.164782,-0.401117,0.171011,-0.462446,-0.147536,-0.101297,-0.306293,0.264621,0.175057,-0.307046,0.148123,0.535245,0.191204,0.298914,
0.463409,-0.164055,-0.265888,-0.222189,-0.158726,-0.0671992,-0.00727795,-0.120392,-0.169126,0.184566,-0.0105375,0.321378,-0.0921394,0.202237,-0.306207,0.0682211,
0.188608,0.0116861,0.218481,0.152286,0.13993,0.111654,0.15288,0.246742,0.395225,0.444182,0.152911,0.200141,0.027536,-0.298465,0.157192,-0.257676,
0.0070777,0.141965,-0.0204162,0.11546,0.151519,0.145136,0.28313,-0.081928,0.230646,-0.277036,-0.257727,-0.108895,-0.358533,0.036552,0.518314,-0.186695,
-0.311713,0.180254,-0.00501501,-0.000941891,-0.257891,-0.231233,-0.22715,0.0370634,0.138139,0.0152299,0.128373,-0.0183408,-0.130016,0.155996,-0.518541,0.0657915,
-0.0456041,0.398036,-0.164157,0.170619,0.0393798,0.604879,0.0265117,0.128906,0.149382,-0.0207706,0.50755,0.178944,-0.357474,0.144076,-0.172411,-0.280044,
-0.0321596,-0.0838764,0.0424507,0.302495,-0.076383,-0.314193,-0.286171,-0.0123107,0.170597,0.0718332,-0.246999,0.360414,0.00230438,0.152078,0.304866,0.118829,
0.26878,0.448097,0.113957,-0.441533,0.352937,-0.0118882,-0.102879,0.55503,-0.0256611,-0.106635,0.301547,-0.232346,-0.165864,-0.24883,0.44409,-0.610717,
-0.0187545,-0.042478,0.142255,-0.161003,0.220024,0.104607,0.65612,0.0802071,0.277151,-0.179573,-0.0820114,0.510795,-0.322419,0.203533,0.183239,-0.169816,
0.0651823,0.329361,0.409378,-0.354759,-0.417965,0.393497,-0.314568,0.201065,-0.247805,-0.166842,-0.153568,0.296292,0.0237104,-0.016678,-0.240252,0.0782342,
0.0190669,-0.0963623,0.143868,-0.00814941,-0.0500002,0.261357,-0.169033,-0.0943363,0.164521,-0.406732,0.200946,0.141276,0.375007,-0.176824,-0.0538302,0.457062,
-0.309525,0.596516,-0.148084,0.0299793,-0.143535,0.27556,0.264661,-0.0441065,-0.0799336,-0.022422,0.0350597,-0.271514,0.214569,-0.157749,-0.225641,-0.211209,
-0.316282,0.00669696,0.11459,0.108362,0.399921,0.338837,-0.150966,0.0959603,0.0223231,-0.156269,0.209898,-0.272806,-0.307227,-0.311322,-0.157623,-0.279127,
-0.0961363,0.165795,0.321152,-0.309525,0.436571,-0.0876934,0.790158,0.074503,0.18508,0.174902,0.325522,-0.237869,-0.342775,0.28479,-0.258144,-0.299467,
0.236537,0.288039,0.532422,0.336062,0.223479,0.0170478,0.16386,-0.0094248,0.275698,-0.197503,0.210668,0.192776,0.342247,0.0509313,-0.128464,-0.300771,
0.11566,-0.120048,0.176356,0.0779727,-0.180729,-0.00959907,-0.129218,-0.154128,-0.0866985,0.163438,0.332945,-0.168396,0.116213,0.351838,0.0914844,-0.03955,
-0.499379,-0.0914698,0.11779,-0.227401,-0.348763,-0.642734,0.243087,-0.0140372,-0.237341,0.401451,0.194919,-0.133048,0.281457,0.185036,0.120367,-0.392392,
-0.186554,0.0441283,-0.0444758,-0.0225544,0.137007,0.0535262,0.326775,-0.409215,0.0137571,-0.405773,0.130761,-0.147748,-0.35269,0.0168444,-0.324923,-0.00119155,
-0.349031,-0.276581,-0.508031,-0.0820066,0.140323,-0.223285,-0.0501242,-0.486827,0.0697092,-0.0157467,0.143234,0.310361,-0.0746838,0.0335127,0.502101,0.213319,
-0.473795,0.165315,-0.0685977,0.32017,0.187931,0.181836,-0.00143662,0.352415,-0.149077,-0.136611,-0.325668,-0.334446,-0.166888,-0.392864,0.0150326,-0.30458,
0.441041,0.198682,-0.35762,0.11583,-0.119731,0.214415,-0.16605,-0.101387,-0.725718,-0.578506,-0.0485867,-0.261987,0.272815,-0.0999589,-0.575821,-0.120622,
-0.196826,0.233146,-0.540697,-0.134014,-0.124279,0.470894,-0.403007,0.102244,0.148556,0.176663,-0.0449411,0.0300292,0.322311,0.331541,0.298654,-0.116637,
-0.0592611,0.0395516,0.258921,-0.299355,-0.156499,0.655414,-0.0417652,-0.171873,-0.0119231,-0.406252,0.335178,-0.113276,0.205493,0.324103,-0.00108724,0.61345,
0.0670945,0.0903541,-0.534603,-0.23992,0.20059,0.28084,-0.276748,-0.079141,0.0524868,0.19007,0.00485506,0.0844914,0.355909,0.00069192,0.296515,-0.190846,
0.442343,-0.150181,-0.230277,0.0795937,0.0996206,0.460676,0.496397,-0.300958,0.181465,0.00172832,0.300866,0.146111,-0.0817011,-0.325435,-0.838446,0.103718,
