266,16,16,16,16,16,1,
0.0895883,0.0804196,0.00277163,-0.0213555,0.00937042,-0.0431875,-0.0178671,0.158489,0.197879,0.109662,0.00394969,-0.0544499,0.0801514,0.0236937,0.0518938,0.000500259,
0.245732,-0.0509892,0.0745286,0.0444905,-0.0234405,-0.0480182,-0.000152258,0.00319418,-0.0230819,0.000461034,-0.0428986,0.19449,-0.0128754,0.143056,0.0319455,0.0336929,
-0.0990761,-0.00255971,-0.0457181,0.0041474,0.0263196,-0.0395382,0.0709179,0.0135209,-0.108661,-0.0428677,0.283064,-0.0338871,-0.0354089,0.0963949,0.277857,-0.000598198,
9.82196e-05,-0.0290852,0.232373,0.0889555,0.0297007,-0.00340872,-0.0270441,0.000793924,0.000233426,0.329989,-0.0391234,0.0723648,-0.0715275,-0.0084601,-0.10626,-0.00171358,
-0.044157,-0.0553285,-0.000595657,0.0108728,0.0502196,-0.00104374,8.96027e-05,-0.0437149,0.162719,0.336815,-0.0589051,0.102551,1.51641e-05,-0.00930934,0.0590277,-0.000891262,
0.313388,
-0.919221,0.697941,0.381572,0.199152,0.33383,0.524989,0.192164,-0.019331,0.304652,0.132793,0.924062,-0.0761784,-0.0568574,-0.00084466,-0.0921091,0.0794156,0.162851,0.267705,0.158633,0.22691,-0.844883,-0.373106,-0.136832,-0.262186,-0.0894897,-0.0628799,-0.122126,-0.000565578,0.0391536,1.02574,0.344322,0.299213,0.4577,0.388062,0.397747,0.166638,0.196294,-0.00372192,-0.00627548,-0.151337,-0.111588,0.123706,0.0880839,-0.0612357,0.00397226,0.03025,0.0292451,-0.339903,-0.142858,0.0527319,-0.125013,-0.163523,0.00278467,-0.0797586,-0.128244,-0.103951,-0.37342,-0.321354,-0.366332,-0.320041,-0.0598728,-0.0703998,-0.0340142,-0.109319,-0.0704214,-0.0692759,0.0186196,-0.120727,0.0271848,-0.0715313,-0.0841184,0.103513,0.040104,0.0879079,-0.0402323,0.048608,0.108398,0.028787,0.0935384,0.0138494,-0.0561689,-0.0101127,-0.0234227,-0.0796449,-0.0466132,-0.0305353,-0.00925454,-0.0973473,0.0825401,0.0956226,0.178177,0.0793444,0.060767,0.0765008,0.0668063,0.0243668,0.00621561,0.203286,-0.10563,-0.0678575,-0.1046,-0.0937571,-0.134118,-0.0289373,0.0087024,0.0499469,-0.0762933,-0.147896,-0.0486322,-0.0494385,0.0671423,0.0506918,-0.0206536,0.0366641,-0.0591214,-0.0955851,0.0525495,0.0204071,0.0325609,0.0485383,0.0200349,0.0392968,0.0216792,-0.0387481,-0.0187068,-0.0267535,-0.0740505,-0.0727725,0.0445983,0.0318581,0.00817574,0.00582321,-0.0433266,-0.0404848,-0.0477402,-0.0552087,-0.0660392,-0.000756011,0.105576,0.0352118,-0.513944,-0.107089,0.0280098,-0.0676852,-0.00229722,-0.0267501,0.0316979,-0.00670451,-0.0190668,0.201865,0.00179706,0.0642074,0.0959739,0.069891,0.104601,0.040689,0.099078,0.0610912,-0.468851,-0.544859,-0.417761,-0.487751,0.0411055,0.145278,0.0243508,0.0665885,0.139758,0.104502,0.151344,0.191099,0.0106331,0.0448159,0.0776685,0.0172651,-0.203078,0.0228808,-0.213088,-0.169448,0.120309,-0.0598873,0.234128,0.127832,-0.0376513,-0.0378385,-0.0213426,0.0281766,-0.0126297,0.0264462,-0.00562787,0.0493856,0.000284507,-0.0796948,-0.0837162,-0.0678897,-0.00067133,0.0192379,0.00976947,-0.0174805,0.0139336,0.0585648,0.00789747,0.0162473,0.0535658,0.0379514,0.00543765,-0.0202586,-0.03848,0.00441097,-0.0161939,-0.0216802,0.0655959,0.0326088,0.0803216,0.0947367,0.162439,-0.0739554,-0.036522,0.0437069,-0.0258376,-0.0717304,-0.0336825,-0.00457215,0.00816452,0.802098,0.164512,0.101908,-0.0181348,0.069671,0.0812545,0.118959,0.0228708,0.100241,-0.553329,0.0843827,-0.00481777,-0.110908,0.0609378,0.024522,-0.00803307,0.0208835,0.0245948,-0.119468,-0.159761,-0.0746668,-0.145969,-0.076223,-0.116707,-0.0625947,-0.128879,-0.211602,-0.244128,-0.234981,-0.226412,-0.224902,-0.258007,-0.14572,-0.20443,-0.00564006,-0.0483119,-0.0956017,0.0410771,-0.129802,-0.036439,0.0258878,-0.046743,-0.426274,
-1.16813,1.12579,0.427083,0.298167,-0.0695561,0.0254201,0.0502527,0.172271,0.206221,0.165246,0.918671,-0.371181,-0.00957976,0.129851,0.0744033,0.0488463,0.12289,0.206137,0.288803,0.165715,-0.698053,-0.155458,-0.0703521,-0.12181,-0.0328724,-0.0553468,0.0123529,-0.0144858,-0.00600173,1.04663,0.129655,0.201841,0.302277,0.209158,0.251337,0.197402,0.347696,0.00887022,0.354024,0.346407,0.223856,-0.119295,0.0823797,0.119111,-0.0306057,0.00179279,-0.00950551,-1.15374,0.0404381,0.0324501,-0.0365362,0.0122821,-0.0575462,-0.0743499,-0.0687462,-0.0719532,-0.0456198,-0.110839,-0.138989,-0.195167,-0.134539,-0.0534775,-0.113251,-0.183819,-0.115501,-0.118933,0.00762315,-0.147444,-0.0665374,-0.0196423,-0.0243229,-0.193556,-0.0716642,-0.0154017,-0.0663667,0.0438267,0.0388121,-0.0300624,0.0962849,-0.0117081,0.00788049,0.0179964,0.011263,0.0156646,0.00167568,0.00868346,-0.00688381,0.0462837,0.050406,0.0413355,-0.0367789,0.0610626,0.0679614,-0.00504855,0.0549623,0.147281,0.128241,-0.0435967,0.0118511,0.164458,-0.314358,-0.303263,-0.280421,-0.446274,0.0205635,-0.0516991,0.0244267,0.109463,0.0588207,0.0849537,-0.017114,0.0524105,0.0539592,-0.00105087,0.0720136,0.0727607,-0.00762182,-0.034647,-0.0437858,0.01114,0.0518681,-0.000740994,-0.000307556,0.069159,-0.0110625,0.000941191,-0.0161519,0.0100037,0.0340338,0.0667062,0.0656736,0.0696312,-0.0318253,-0.0559346,-0.0624075,-0.0532757,0.00387337,-0.136138,0.0582743,0.0342278,-0.687881,0.0529483,-0.219038,-0.0324831,0.0718956,-0.0117294,-0.0711919,-0.0966531,-0.181257,-0.845488,-0.106904,-0.0487264,-0.00806549,0.00874442,-0.0931323,0.00976934,-0.135169,0.0507947,-0.596407,-0.474852,-0.511932,-0.473636,-0.01648,-0.0230278,-0.0671473,-0.10585,0.06651,0.164791,-0.000131445,0.0169041,0.136794,0.136115,0.0655222,0.0393871,-0.268789,-0.0474534,-0.28192,-0.232273,-0.0734862,-0.0180585,-0.0961935,-0.174187,-0.0195265,0.00508819,0.00918446,-0.00323289,0.0682465,0.048964,0.0529171,0.0266954,-0.0422358,0.0842667,0.0317082,0.00443238,-0.10648,0.0238448,-0.0241966,-0.00887183,0.0175093,-0.00115962,0.0412677,0.0711529,0.044551,0.025766,0.0172379,0.0204472,-0.020353,-0.0271125,-0.0661285,-0.0226887,0.0295413,-0.00102326,-0.00128291,-0.0214854,0.103527,-0.101237,0.104765,-0.00519935,-0.10214,0.0144798,-0.00214013,-0.0318952,0.00792547,-0.100071,-0.135429,0.0336788,-0.0833129,-0.0075079,0.0473694,-0.0616138,0.165593,0.0794914,-0.6309,0.0352969,-0.114256,-0.0451133,0.112749,-0.0317682,-0.0439354,0.00630098,-0.0612721,-0.0443037,0.0762926,-0.0399499,0.0102283,-0.0858225,-0.0408328,-0.0794196,-0.0130243,-0.192091,-0.231577,-0.199012,-0.0202402,-0.130613,-0.12289,-0.16593,-0.0934021,-0.0798902,-0.0796721,-0.0817206,-0.0182575,-0.00628564,-0.0782952,-0.0493755,-0.0860904,-0.2635,
-0.420359,0.843521,-0.244116,0.118042,-0.118458,-0.235679,0.0453523,0.0682851,0.0518674,0.141735,0.283306,-0.400221,0.148022,-0.00693838,0.185622,0.0557545,0.0856978,-0.236814,-0.082947,0.0294821,-0.547969,-0.0162105,-0.0680911,-0.119271,0.0596742,0.0292414,0.00473971,-0.142776,0.0548222,0.753869,0.3024,0.275207,0.0432656,0.167311,0.0637242,0.144617,0.0913236,0.0383236,0.767406,0.525523,-0.0382403,-0.101152,-0.207458,0.0157424,-0.0547991,-0.0433131,-0.0630589,-0.410237,0.15151,0.113319,-0.0261466,0.304627,0.131299,-0.0505562,0.0719854,-0.0342276,-0.0574209,-0.131748,-0.160216,-0.127732,0.0592661,0.0646683,-0.0622645,-0.117979,0.000810409,-0.0229006,0.0206372,-0.15459,-0.0805239,0.0230484,-0.0366644,0.02861,-0.00185369,-0.00263396,0.0317012,0.0159423,0.0726837,0.0811087,0.0255919,0.0515858,0.0234243,-0.00789725,-0.00766845,0.023916,0.0492947,-0.0187683,-0.00863592,-0.00376317,-0.00339914,-0.0123316,-0.0359076,0.00156086,-0.0256259,-0.0125028,-0.0622858,-0.0354205,0.140291,0.0453007,0.130782,0.159813,-0.0542414,-0.102872,0.0066423,-0.0472578,0.00724924,0.0385814,0.0739538,0.0320628,0.0705574,0.0426398,0.0640487,0.0116177,0.00197426,0.0141126,0.0361145,0.0748696,0.032814,0.0312977,0.0552987,0.03266,-0.0932502,-0.0488998,-0.0199531,-0.08835,0.0506606,0.027349,0.0538281,0.0665526,0.0149152,0.0254478,0.000382503,0.0270442,0.0458309,0.0574425,0.0401772,0.0418675,-0.036239,-0.126721,-0.0594847,0.0955084,0.171032,-0.0576601,-0.117214,-0.12828,0.00964196,0.0755441,0.027571,0.00679558,0.0525669,-0.125066,0.0273174,0.0203338,0.0550864,0.112063,-0.0109583,0.00847314,-0.0244567,0.0111274,-0.218465,-0.243126,-0.254141,-0.164288,-0.0483415,0.00347969,-0.0455134,-0.134053,0.145844,0.129521,-0.0109077,0.0194997,0.113268,0.178513,0.0527547,-0.0349686,0.0104009,0.0308097,0.0048279,0.0521645,-0.0757249,-0.138951,-0.0304269,-0.0361244,0.0289603,-0.0201515,0.0140915,-0.00581066,0.0247907,0.0210168,-0.0594032,-0.0301745,-0.0425932,-0.056591,-0.0345579,-0.0821408,0.00933088,-0.0140399,-0.0873108,-0.0465033,0.0406492,0.0756327,-0.0578121,-0.0134878,0.00400264,-0.0272584,-0.0203546,0.0688592,-0.0294988,-0.0156402,0.000479747,-0.00768951,0.010311,-0.000826434,0.0109135,-0.0277686,0.357238,-0.0900607,0.0755402,0.0364374,0.00448686,-0.0318004,0.00881142,0.0102114,-0.021072,0.191837,0.0838048,0.0173758,0.00726137,-0.0787291,0.0413804,-0.00512179,-0.0346324,-0.0332187,-0.293335,-0.0981763,-0.00641042,-0.0317461,0.0495861,-0.063856,-0.0406476,-0.0125571,-0.0250859,-0.321497,-0.330382,-0.277732,-0.368372,-0.298847,-0.340391,-0.259238,-0.325789,-0.122195,-0.183334,-0.0189533,-0.134947,-0.133805,-0.145289,-0.139398,-0.160267,0.116667,-0.0157504,0.0122147,0.0327514,-0.0500692,0.0759764,-0.0499946,-0.0715918,-0.123778,
-0.544965,-1.95931,0.428738,-0.0151246,1.32073,0.543721,0.0135642,0.00915341,-0.0165556,0.0189042,0.503147,-0.243988,0.148741,0.188856,-0.856922,0.387306,0.032196,0.0457585,-0.106146,-0.0156008,-0.529403,0.0281396,0.124668,-0.422556,0.0807085,0.0519332,-0.160838,-0.0619488,-0.0270928,-0.175346,-0.575531,-0.287278,0.389502,0.22605,0.0462331,0.0548433,0.00707842,0.0988571,1.6898,-0.753599,0.0115021,-0.0672444,-0.117113,-0.0840988,-0.00852945,-0.045469,0.00636289,1.18102,0.0926988,-0.0470403,-0.0638509,-0.417723,0.0699843,-0.00148181,-0.0902421,0.0264312,-0.578921,-0.624383,-0.553772,-0.704351,-0.0113816,-0.215967,-0.129722,-0.192015,-0.128283,-0.0922546,-0.187009,-0.156648,0.0624653,0.0466655,0.00827754,0.0660608,-0.0395419,0.0521578,-0.0577698,0.00899014,0.0390662,-0.0614474,0.0592755,0.00330017,-0.00354493,0.00934624,0.0148976,-0.00148423,0.0149072,0.0150624,0.00679374,0.0347075,0.154007,0.140484,0.132176,0.153264,0.0684058,0.0428147,0.0436137,0.082634,0.514629,0.373089,0.531948,0.428805,0.289014,0.306808,0.298146,0.389917,-0.108323,-0.139667,-0.0766931,-0.0781623,-0.0651583,-0.0814538,-0.0909739,-0.103818,0.0620999,0.0404698,0.0383244,0.0366767,0.0423485,0.0208288,0.0241192,0.015238,0.0201822,-0.0136167,0.0420869,0.0165284,-0.0563452,-0.0221135,-0.051168,-0.0134143,0.0402318,0.0492054,0.0481425,0.0536813,0.0122821,0.0104633,0.00885505,0.0150422,-0.150916,0.0556209,0.0634915,-0.0142588,-1.68699,-0.0535609,-0.198408,-0.0709419,-0.0313222,-0.00454671,0.0224488,-0.0336295,-0.0075177,-0.746218,0.10706,-0.00611495,-0.0209076,-0.118333,0.0524473,-0.0192169,0.0171613,-0.145306,-0.255622,-0.215336,-0.244181,-0.27778,0.572839,0.547991,0.54295,0.599505,-0.215334,-0.229165,-0.188032,-0.285408,-0.194075,-0.212332,-0.106318,-0.103628,-0.555215,-0.193116,-0.624135,-0.602694,-0.111649,-0.187346,-0.114386,-0.118707,0.0399808,0.0027866,0.0381274,0.0031049,0.00971819,0.0086064,-0.0425148,0.0073573,-0.0635864,0.0101648,0.0015167,-0.0109054,-0.0280312,0.0027323,-0.0547711,-0.0291944,0.0281121,-0.00248355,-0.00980544,-0.0305928,-0.0357696,-0.0495061,-0.0249403,-0.0270253,-0.0161286,-0.0110893,-0.0416349,-0.0288018,-0.015375,-0.0218498,-0.0326063,-0.043861,0.439442,-0.00804129,-0.0139665,0.045575,0.011347,-0.016926,-0.041729,-0.0239273,-0.191106,1.5157,0.178907,0.0770597,0.0389659,0.0974821,-0.0269734,0.00925215,0.020957,0.0211977,-2.22341,-0.0963886,-0.107982,0.0141921,-0.189133,-0.01818,-0.0239974,-0.000129814,0.0175881,-0.251252,-0.157846,-0.19956,-0.237351,-0.265562,-0.239343,-0.265432,-0.244059,-0.416302,-0.254438,-0.437253,-0.271176,-0.263945,-0.360184,-0.402741,-0.26378,-0.126442,0.022345,-0.111517,-0.106798,-0.1009,-0.0777717,-0.192548,-0.050812,0.181272,
0.941865,-0.0871497,-0.466327,-0.0765593,-0.278549,-0.455526,0.0115525,-0.146609,0.101591,0.0200666,-0.673315,1.08218,0.243715,-0.101027,0.276063,-0.195424,-0.0913735,0.117392,-0.060475,0.0628612,0.878441,0.251117,0.240977,-0.104687,-0.152339,-0.0339032,0.0250215,-0.0429,0.0986763,-0.514803,0.0648657,0.161869,-0.0586014,-0.229367,0.0572852,0.184448,0.0729386,0.0121056,-0.597372,0.394258,0.106548,0.0133095,0.0177328,-0.0419632,-0.0319881,-0.0238001,-0.0118095,-0.0194949,0.796466,0.151953,0.0389315,-0.375786,0.144447,-0.0459348,-0.150157,-0.0460394,0.069495,0.141015,0.0969531,0.197826,0.0139468,0.174054,0.142068,0.0543343,0.103305,0.204757,0.104893,0.0661372,-0.0738534,-0.00434967,-0.0282368,0.0200339,-0.0610961,-0.0834195,-0.0232931,-0.054298,0.0348722,0.0354177,-0.0380077,0.015877,-0.116825,-0.0302301,-0.0236766,-0.0718415,-0.0600472,-0.00286946,0.00162244,-0.0178817,-0.228074,-0.163802,-0.0619563,-0.158313,-0.131675,-0.033426,-0.00479181,-0.0833994,-0.2694,-0.0428902,-0.221118,-0.233372,-0.104443,0.165939,-0.0181291,0.0450283,0.135393,0.075935,0.0449462,0.0250815,0.0615707,0.0774559,0.0989234,0.102804,0.201736,0.173746,-0.129489,-0.0859979,0.109997,0.10935,0.131642,0.122461,0.0106226,0.00607743,0.00998872,-0.0117185,-0.149979,0.00716708,-0.162559,-0.127323,0.0168797,-0.00799392,0.00431863,0.0189654,0.0555612,0.0420179,0.076293,0.100428,0.0390739,0.00321921,0.0701866,0.0811039,-0.799149,-0.0175034,-0.101264,-0.00516963,0.0206443,-0.0445575,-0.0337062,0.0779988,0.0822446,0.42519,-0.122702,0.0513378,0.00194982,0.0368971,0.00879346,0.11287,0.0312163,0.0694881,0.402766,0.374533,0.375862,0.343498,-0.11309,-0.243399,-0.181131,-0.14977,-0.108286,-0.102031,0.0495634,0.0446003,-0.036105,-0.079799,-0.0304226,0.0455744,-0.301015,0.0917568,-0.129137,-0.259568,0.101719,-0.00189906,0.088065,0.00413437,-0.0354878,-0.0461806,-0.0196569,-0.0512034,0.116979,0.0348152,0.0111873,0.0646925,-0.012017,-0.0344594,0.00805202,-0.0528977,0.0203712,0.0582836,0.0494667,-0.0115786,-0.014442,0.0525536,-0.00201119,-0.0399611,-0.0558088,-0.0269779,0.0130778,0.0102752,-0.0389143,-0.0137364,-0.0560991,-0.0793587,-0.00318247,-0.015027,-0.00605487,0.016777,-1.46866,-0.0753401,0.00319088,-0.0846417,-0.0613841,0.0506395,0.0529118,-0.0917713,-0.0577984,-0.130332,0.0178238,0.00868381,0.0270831,-0.108271,0.0616455,-0.0332091,-0.0362097,-0.121284,0.553019,-0.0336867,-0.0250067,-0.0995345,0.0767609,-0.0428409,-0.0503106,0.0798255,0.0274901,0.0453873,-0.0287243,0.169037,-0.122534,0.056835,-0.118083,0.0398246,-0.121052,0.142745,0.187891,0.173068,0.128902,0.176495,0.20816,0.132414,0.0978932,0.126757,0.0138859,-0.00950369,0.125733,0.0838981,-0.013359,0.056661,0.0572242,-0.110966,
0.534805,-0.349947,0.156683,0.141258,-1.42094,-0.0302914,0.0729942,0.157958,-0.0460894,-0.0884414,-0.623251,-1.58596,0.546849,0.0407864,1.2776,0.469592,-0.0359561,0.0862378,0.0209942,-0.0822718,-0.0911908,-0.456898,-0.365626,0.15066,0.0536373,0.0538948,0.0118484,0.0389362,0.0352375,-0.465123,0.118427,0.0383518,-0.318931,0.0710247,-0.038979,-0.172525,0.101501,-0.028562,0.796572,0.22682,0.104823,-0.0232199,-0.337789,-0.020681,0.0585514,-0.0954833,0.00922669,1.79762,-0.866504,0.0903042,-0.0368607,-0.13316,-0.127487,-0.0086485,-0.0575789,0.0186556,0.410825,0.340999,0.328699,0.304811,0.0343017,-0.0133335,0.011651,0.0878496,0.0180669,0.0413741,-0.00124435,0.0265795,-0.00865987,0.00544259,-0.0678678,0.0782017,-0.0517475,-0.0374419,-0.0563499,-0.010746,0.0510595,0.0402254,0.0470121,0.00823226,-0.0323713,0.00371933,0.00427944,0.00389795,-0.0187208,0.00563936,0.0038165,-0.0742736,-0.0157225,-0.0846105,0.0101198,0.0459462,0.139974,0.0684911,0.134776,0.185104,0.153897,0.0424809,0.240128,0.321378,0.449982,0.413434,0.488782,0.404951,0.0601721,0.0365656,0.0396527,0.0221544,0.0170827,0.0139734,0.00921299,-0.0069482,-0.0806677,-0.066486,0.0461353,0.036202,-0.120935,-0.125956,-0.106567,-0.0990088,-0.127623,-0.0776361,-0.15304,-0.129481,0.0397306,0.0192109,0.0370648,0.0200923,0.0367764,0.0121622,-0.0111249,0.0137567,0.0347754,0.00528255,-0.00538548,0.0113856,-0.0457993,0.0180633,-0.0496708,-0.0834925,-0.320063,0.0374328,0.0702868,-0.00359363,-0.000165355,0.0794707,-0.00768934,0.040829,-0.0483978,-0.387325,0.0124911,0.00200699,-0.0412924,0.0307288,-0.0502893,-0.0169169,0.00339314,-0.0309885,0.335038,0.32258,0.304563,0.325537,-0.68173,-0.554789,-0.701115,-0.685198,0.145966,0.187933,-0.00197366,0.0397656,0.196677,0.19147,0.094138,0.0666851,0.00694365,-0.451048,0.125541,0.0845315,-0.0323554,-0.271936,-0.172949,-0.19837,-0.0654002,-0.0412595,-0.0268642,-0.0320083,-0.0287192,0.0311219,-0.0492757,-0.0218462,0.0643036,0.0815629,-0.0125182,-0.00639635,0.06551,0.0679102,0.0535578,0.0389674,-0.0318684,0.0348307,-0.0411118,-0.0216202,-0.0212025,-0.00017351,-0.0592378,-0.00539675,0.00516311,0.0265906,0.0121803,0.0195351,-0.018977,-0.0315167,-0.00858422,-0.00666289,-0.626154,0.150037,0.0276992,0.00506931,0.0441798,-0.0309031,0.00370999,-0.00719257,-0.0701061,-0.66024,0.0863751,-0.0635014,0.0582768,0.013384,0.0534944,-0.0150737,-0.0327135,-0.10203,0.314014,-0.093788,-0.0295287,0.0684429,-0.136577,0.0259575,0.0741848,0.100591,0.00625116,0.0362617,0.110763,0.138469,0.0240739,0.0551174,0.0319424,0.0551127,0.0314782,0.221394,0.120345,0.190876,0.161944,0.159367,0.213575,0.105153,0.246792,0.121343,0.0775132,0.113856,-0.00407691,0.0659928,0.0607579,0.121465,0.0449725,0.00647101,
-1.37574,0.442092,0.0246416,0.126506,0.154634,0.0935575,-0.00366896,0.0801642,-0.131405,-0.0457377,0.776485,-0.0402205,-0.218554,0.200573,-0.427004,-0.39727,-0.00803347,-0.0727012,0.00227304,-0.0169087,-0.629665,-0.0449866,-0.0487441,-0.140051,-0.0915913,-0.0335434,0.0861383,-0.0894675,-0.0191294,0.764516,0.022089,-0.0267983,0.112683,-0.00172572,0.00146073,0.049758,0.107307,0.0318622,-0.186783,0.400693,0.164985,-0.0134531,-0.391082,-0.0323398,0.0285733,-0.151532,-0.031621,-0.0477303,0.474477,0.16849,-0.0588542,-0.098478,-0.0324958,-0.0284936,-0.0531383,-0.00931846,-0.150478,-0.159429,-0.170315,-0.130093,-0.159098,-0.0668267,0.00508249,-0.174912,0.00658674,-0.164295,-0.0351697,-0.132512,-0.0217965,0.137071,-0.0322249,-0.0439491,0.0194962,-0.0303674,0.00485417,-0.0646004,0.0137758,0.0667474,0.00876878,0.07413,0.0411667,0.00175432,0.00964675,0.0215867,-0.0048685,0.0228577,0.0107144,0.0457319,-0.0275124,-0.0431082,-0.0352162,0.00276357,-0.112199,-0.119006,-0.0925817,-0.083205,-0.107821,-0.25382,0.0552846,0.229079,0.0238211,-0.0685523,-0.0589686,-0.0423755,0.117281,0.0398668,0.120221,0.125934,0.0148913,0.0625461,0.0349651,0.0102904,0.090157,0.0601194,-0.00155009,0.0117748,0.0367282,0.0476909,0.0407307,0.070588,-0.0797787,-0.102874,-0.0464813,-0.0516099,-0.0984566,0.0147158,-0.0500945,-0.0559658,0.0502402,0.0559918,0.0409674,0.0431102,0.0400066,0.0368062,0.0322184,0.0348153,0.0110621,0.136287,-0.0155944,0.0557477,-0.280232,0.200601,0.139485,0.0982549,0.0592234,0.060649,0.132601,0.0215833,-0.00921606,-0.502108,0.104372,0.0835213,0.00591283,-0.0150333,0.0607051,-0.010104,0.0669197,-0.0390272,-0.621947,-0.52805,-0.538614,-0.647019,0.125431,0.0264427,0.148123,0.234629,-0.0880153,-0.0439786,0.0692448,0.0586825,0.0427101,0.0224116,-0.0260339,-0.021075,0.0196119,-0.00439847,-0.0513676,-0.181718,-0.0634756,-0.0203025,-0.0774906,-0.126226,0.0704033,0.00579274,0.0370063,0.00206338,-0.0336092,0.0303511,-0.000617957,0.0439098,-0.0505182,0.0275072,-0.0111505,-0.0122265,-0.0817386,-0.0364032,-0.0604691,-0.0776859,-0.0193149,0.0488937,-0.0545618,-0.0411032,-0.0330194,0.00793615,-0.0626991,-0.000676262,0.0941084,0.0757941,0.0770096,0.09745,0.0487773,0.0449609,0.0361307,0.0561087,-0.0419669,0.0241312,-0.0136786,0.0334997,0.017336,0.0199153,-0.085734,0.0837588,-0.0767263,-0.15277,-0.196387,-0.106551,-0.080037,0.079895,-0.0409864,0.0432872,-0.000642751,0.00470747,-0.230001,0.303657,0.192176,0.14443,-0.0252321,-0.0133177,0.00131088,0.0156566,0.0290312,0.229227,0.301287,0.213655,0.228814,0.171942,0.204833,0.160696,0.281282,0.0225559,-0.0428828,-0.0600362,-0.152206,-0.142408,-0.210265,-0.151568,0.00539098,-0.0495321,0.0408083,-0.109629,0.120201,-0.106523,-0.0357721,-0.0447127,-0.0408539,0.107011,
1.26276,-0.743268,0.43199,0.381528,-0.0691057,0.371491,0.326589,0.449157,0.532695,0.34122,-0.997436,0.347802,0.664428,0.53341,0.195627,0.53181,0.227962,0.330842,0.68125,0.385343,0.947387,-0.0044505,0.116091,0.360606,0.325735,0.196639,0.247381,0.255124,-0.0064191,-1.17495,-0.566799,-0.358007,-0.413873,-0.24287,-0.079815,-0.0859704,-0.150037,-0.0135694,-0.370796,-0.512504,-0.026478,-0.220754,-0.26678,-0.112346,-0.0754497,-0.170719,-0.0287962,0.513502,-0.0541441,0.0798459,-0.0179714,-0.0116137,0.000734149,-0.0183491,0.0389221,0.0671631,0.192764,0.255926,0.327643,0.28592,0.200041,0.136475,0.156483,0.0782465,0.139826,0.027568,0.107453,0.0605783,0.0524855,0.132625,-0.0544072,-0.00561711,0.0238992,-0.0215512,0.04525,0.0059556,-0.0200298,0.0405607,0.000562451,0.0347394,0.0640181,0.00453183,0.000253412,0.00378792,0.0293333,0.0130336,0.00072747,0.032312,0.185154,0.156805,0.0782086,0.19031,0.189496,0.13352,0.128181,0.23148,-0.0939076,-0.340018,-0.0546243,0.0328463,0.142144,0.0384975,0.135585,0.141003,-0.0715089,-0.113186,-0.0079324,0.0150581,-0.0840527,-0.0772852,-0.0953985,-0.118517,-0.00238402,-0.015104,0.100372,0.0984033,-0.0137649,-0.012012,-0.050554,-0.00659345,-0.0578484,-0.0402985,-0.00201138,0.00803235,-0.00508273,-0.0323587,-0.0119434,0.000351687,-0.112634,-0.0748099,-0.100044,-0.0971111,0.017057,0.0314495,-0.0108395,-3.70122e-05,-0.0979954,-0.132785,0.0638483,-0.00432406,0.213102,0.17108,0.110327,0.166244,0.189274,0.0348923,0.0609182,0.14294,0.0777249,-0.133877,-0.0591116,0.0822851,-0.012388,-0.119983,-0.0126845,0.0432822,-0.0122142,0.00989779,0.46201,0.565913,0.60171,0.598492,-0.0464965,-0.0235988,0.00292293,-0.0404459,-0.0492395,-0.0400598,-0.0131115,-0.110657,-0.0532274,-0.0945429,0.00324488,-0.105986,0.122868,-0.0724983,0.00679645,0.0980166,0.0655651,-0.0518606,-0.0237014,-0.0218503,-0.058002,-0.0269839,-0.0598129,-0.0394276,0.045529,0.0666629,0.0907772,0.00468202,-0.0249906,0.0209968,-0.00817343,-0.0139701,-0.0598514,0.0135392,-0.0332131,-0.054171,0.0114797,-0.00252688,0.00955705,-0.00315153,0.00210536,-0.00588389,-0.0327469,0.0196669,0.0410757,-0.000645637,0.0429265,0.0496326,0.0276776,-0.00366006,0.00807392,-0.00364915,-0.189121,0.0353577,-0.0840099,-0.0344838,0.000925862,0.0749903,-0.00191364,0.0224475,0.105053,-0.643413,-0.126684,-0.0802342,-0.0455194,0.109247,-0.00601779,-0.0503797,-0.0168893,-0.128096,0.472516,0.0303947,0.049851,0.0238043,-0.0317056,0.0149956,-0.0462881,0.0716181,0.0429709,0.0573113,0.182539,0.0496564,0.131432,0.001104,0.106643,0.0236261,0.155285,0.121761,0.108211,0.188741,0.192309,0.234463,0.141744,0.173091,0.214316,0.122961,-0.0812428,0.151851,0.0678027,0.0769303,0.142732,-0.0125755,0.0714392,0.264948,
1.02091,0.146022,0.667678,0.441554,0.311937,0.525327,0.238044,0.420008,0.620933,0.514311,-0.867648,0.242851,0.5927,0.329531,0.00855605,0.303119,0.138146,0.375414,0.571207,0.491572,0.511994,-0.303276,-0.165668,0.206135,-0.0275378,0.164613,0.0694499,0.225826,0.0885335,-0.915416,-0.608253,-0.517949,-0.407237,-0.233412,-0.219658,-0.0592688,-0.130423,-0.0600222,-0.0212772,-0.410407,-0.13461,-0.0526105,-0.499378,-0.281036,-0.126873,-0.202333,-0.0253859,0.0326706,-0.193652,-0.0381623,-0.0109906,-0.352239,-0.1163,-0.000726144,-0.1083,0.0363749,0.206877,0.153446,0.127734,0.233624,0.109865,0.0324091,0.0399904,0.0136295,0.101034,0.167602,0.0371552,0.0896806,0.0740362,-0.00879535,-0.00814546,-0.0424051,0.00990125,-0.00967208,-0.0703468,0.00687648,0.00528708,0.0140449,0.0682802,-0.0150925,0.0322041,-0.0476248,-0.0445799,0.0446453,0.0157766,-0.058019,-0.054677,0.0253984,0.17398,0.155114,0.209801,0.172143,0.1473,0.146335,0.167868,0.128946,0.0304503,-0.155172,0.0410528,0.0218901,0.0817851,-0.0185884,0.019264,-0.0130147,-0.0735693,-0.0468655,-0.0600086,-0.0739657,-0.105805,-0.0675202,-0.104948,-0.0474796,-0.0340774,-0.0039293,-0.0174673,-0.0117332,-0.0126636,-0.0232138,0.000971264,-0.0213838,-0.152225,-0.114736,-0.147743,-0.185215,-0.101453,-0.105278,-0.0945468,-0.0932605,-0.0666893,-0.092807,-0.0776289,-0.0849061,-0.0409224,-0.051296,-0.0313916,-0.0386715,0.0317135,-0.0238909,-0.00275438,-0.0431885,0.482429,0.135646,0.148092,0.077423,-0.0224127,0.0193018,-0.00746973,0.0535595,0.0695974,-0.339052,0.158195,0.048455,-0.0269863,0.0493989,0.0144055,-0.11105,-0.158615,-0.0225787,0.454288,0.419707,0.426715,0.39139,0.0875612,0.117168,0.0389879,0.0866987,0.0306811,0.0701293,0.0343776,0.0114566,0.0621827,0.0731847,-0.0147148,-0.0322824,0.141657,0.0744868,0.168364,0.119843,-0.102799,0.0370799,-0.0220279,-0.074747,-0.0138134,-0.0609959,-0.0321392,-0.092922,0.0188567,-0.0573809,-0.0291561,0.0776342,0.00379279,-0.0365837,0.013604,-0.00980709,0.00736422,-0.0387861,-0.0253213,0.00159177,0.0152351,0.0391454,0.00173427,0.00569524,0.0529197,-0.016165,0.0630731,-0.0362813,0.0576708,0.0753818,0.061169,0.0577461,0.0339025,0.0552424,0.0458165,0.0687367,-0.071953,-0.100102,-0.0975453,-0.0788706,0.0730718,-0.0583906,0.00470228,0.103977,0.189084,-0.97986,0.0298449,-0.133591,-0.136696,-0.0857133,-0.0947872,-0.0717478,0.0260382,0.116759,0.579573,0.205699,0.0927437,0.0521545,-0.0743305,-0.0725583,0.0197622,-0.101989,-0.0698821,0.0238684,-0.0366523,-0.00709305,0.0405698,0.0396082,0.0294084,0.0422403,0.013291,0.117186,0.167699,0.121266,0.0770572,0.131448,0.0425315,0.160024,0.151824,-0.0744065,-0.0150191,0.054405,-0.0730125,-0.0574532,0.0158921,0.071944,0.038063,0.240964,
1.53992,0.104873,0.130946,0.169663,-0.0418196,-0.0708104,0.051958,0.134379,0.282807,0.261588,-1.04441,1.24909,0.357067,0.169623,-0.0494948,0.0898701,-0.0373218,0.0800866,0.298953,0.11406,1.54584,0.224374,0.159919,0.475083,0.117207,0.148256,0.162911,0.180699,-0.0895522,-1.29057,-0.190237,-0.0717182,-0.178782,0.169087,-0.0541683,-0.0567121,-0.0132747,0.0259248,-0.71964,0.023315,-0.181256,-0.0324279,0.1588,-0.100125,-0.0711681,0.0344149,-0.00259466,0.469976,0.0101147,0.0116303,0.0263778,0.176032,-0.0414824,-0.0602812,0.148792,0.0248428,0.445494,0.401526,0.448805,0.376594,0.223435,0.182995,0.14329,0.173233,0.186034,0.193658,0.169476,0.271728,-0.0527255,-0.0535711,-0.0765714,-0.0386268,0.0885156,-0.0239589,0.037141,0.0238771,-0.062287,0.0625829,-0.0164879,-0.001583,0.0100955,-0.00149019,-0.00285498,0.0205482,0.0134616,-0.0181714,-0.0148926,0.00878501,0.0219242,0.00928917,-0.0240782,0.0292471,0.012057,0.0202106,0.00983107,0.0121476,-0.171751,-0.171521,-0.195966,-0.260436,0.104821,0.204925,0.153948,0.125168,-0.0237714,-0.032478,0.00702203,-0.0175479,0.00504006,-0.00416963,-0.0106196,-0.0750794,-0.0359408,-0.0763113,0.00296586,-0.00107357,-0.0328203,-0.0207712,-0.0101484,-0.0219467,0.0616951,-0.0344641,0.0650755,0.0773899,0.0268248,0.0183909,0.0839836,0.0239258,-0.0533633,-0.0461042,-0.0671137,-0.0446296,0.00947218,0.00406883,0.00872829,0.00674795,-0.028724,-0.0051999,-0.0289683,0.0205422,1.31783,-0.0221832,0.0461028,0.0147445,0.104083,-0.0131702,-0.0481212,-0.0148637,-0.0212403,0.0486961,0.134722,-0.0685342,-0.0459384,0.03204,-0.0278945,0.0127367,-0.0791518,0.0463176,0.718728,0.737081,0.692261,0.715839,-0.0562593,-0.11445,-0.0347868,-0.0259531,0.0149633,-0.0459345,0.016775,0.0459452,-0.0105043,0.027321,-0.0503607,0.0686966,0.358383,0.261701,0.382619,0.311788,-0.0331645,0.279354,0.0346164,0.0142832,0.0112756,-0.0239132,-0.0243605,0.0444313,-0.0319912,0.0959917,-0.00291441,-0.0351958,-0.0346801,0.0406269,-0.0217844,0.0368073,-0.0422049,-0.0352809,-0.0398017,-0.0123623,0.013323,0.0479312,-0.00645535,0.0701631,0.022831,0.0350304,-0.0410449,0.0822713,0.00861478,0.0159615,0.00302652,0.0230416,0.0127945,0.0170364,0.008022,-0.0314621,0.203234,-0.0438424,0.034422,-0.0511009,-0.0204465,0.00281478,0.0505916,0.0541983,0.193658,-0.917866,-0.0497638,-0.00930479,-0.0171268,-0.0628619,0.008485,-0.0448368,-0.0177254,-0.00910865,1.08641,0.162078,-0.0398006,0.0142699,0.0618382,0.0256573,0.0134839,-0.083471,0.0653111,0.294076,0.170726,0.339004,0.222824,0.380179,0.241947,0.322242,0.201537,0.319556,0.232079,0.322013,0.359799,0.376833,0.240667,0.361445,0.392621,0.111558,0.0994136,0.0550605,0.0258326,0.131379,0.0695393,0.107008,0.0395434,0.289125,
0.932611,-0.192976,0.0731072,0.246322,-0.407259,-0.527983,0.0791781,0.0989948,-0.143554,0.0370845,-1.05249,0.444631,0.0383686,0.0632405,0.283681,0.201758,0.0980211,-0.0600446,0.0666887,0.0439321,0.89996,0.406755,0.124737,0.19532,0.131175,0.236182,0.157149,0.0646595,0.00279126,-0.798344,-0.294052,-0.267333,-0.315625,-0.210199,-0.150525,-0.0357573,-0.0607454,-0.0687427,-0.146828,0.535268,0.136455,-0.171018,0.111449,0.184527,-0.0622699,0.072271,-0.0569707,0.176502,0.180358,0.027546,0.00365231,0.126754,-0.127355,0.001583,-0.00184915,-0.0321966,0.16717,0.273756,0.163486,0.27681,0.0988847,0.113027,0.0556564,0.113724,0.0619103,-0.0154913,0.0752141,0.0860729,0.0423223,0.0546182,0.0363239,0.00250463,0.0843511,0.00704935,-0.0187626,0.00659458,-0.0564816,0.00278655,0.0492931,0.00716138,0.0374408,0.0765354,0.0683788,-0.0280773,-0.0192753,0.0491073,0.0469694,-0.0115843,-0.0684583,-0.131871,-0.152716,-0.145205,0.0791948,0.0228409,0.0316874,0.0529523,-0.0517471,0.0312174,-0.0941885,0.0337239,0.204029,0.00415114,0.0651881,0.0151312,0.0182534,0.0513888,0.0742453,0.0980641,0.0583942,0.0563098,0.0528569,0.117997,-0.0611685,-0.0223224,0.110033,0.0521494,0.0294065,-0.0172097,-0.0531931,0.0136248,0.000754655,0.0281265,0.0829859,0.013128,0.0909069,0.000193724,0.0420822,0.0532865,-0.0287866,-0.0216863,-0.0159221,-0.0403632,0.040677,0.0454755,0.033106,0.00848084,0.0004746,-0.0413227,-0.0602654,-0.0272757,0.420756,1.72616e-05,0.0599052,0.000372957,0.0215473,0.0139108,-0.0085946,0.125648,-0.0646326,0.22497,0.0939507,0.0468778,0.0378075,-0.0248005,0.019225,-0.046233,-0.104493,-0.0436704,0.421644,0.472456,0.450423,0.430228,-0.255394,-0.167039,-0.140519,-0.232835,0.051653,0.104501,-0.0897947,-0.0671031,-0.0337061,0.0104465,-0.0181099,0.0102864,0.271461,0.0965292,0.152676,0.178021,-0.0226201,-0.00340587,0.040679,0.0996882,-0.0262978,0.000335223,0.0218833,0.0664371,-0.00457936,0.00333698,-0.0621804,0.0891287,-0.0113552,-0.00484451,0.0498315,0.0363101,-0.0124353,0.0506643,0.0115639,0.028336,0.0378128,0.012472,-0.00310805,0.0210487,0.0286909,0.0515224,0.0506974,-0.0517785,0.0081464,0.0020942,-0.0158438,0.0233118,-0.0238097,-0.0288288,-0.0404752,-0.0523501,0.227582,-0.0841748,0.00315559,-0.025798,0.0378078,0.0346141,0.0131911,0.0575443,-0.00590733,-0.116219,0.0185586,0.0339015,0.0468068,0.0555062,-0.0425295,-0.000199837,0.0261938,-0.029431,0.472227,0.102777,0.0126871,0.0396524,0.0732765,-0.0215665,-0.0300223,-0.0668646,-0.0410396,0.0718542,0.174842,0.069616,0.192393,0.0600419,0.151682,0.106064,0.187401,0.217356,0.280107,0.0890644,0.1601,0.132955,0.180508,0.110895,0.0973547,0.0383938,0.0819317,0.101274,-0.0616595,0.0720771,0.0311918,-0.0362056,0.0743265,0.268129,
-0.113265,-0.30451,0.087361,-0.0250907,-0.0856173,-0.120038,-0.114598,-0.032562,-0.129337,-0.109405,-0.0626915,0.0338176,-0.0842387,-0.056977,-0.125513,-0.152414,-0.0557493,-0.0318665,-0.117643,-0.0840397,0.0392493,-0.18454,-0.197391,0.139208,0.0154695,-0.00731613,-0.0263446,-0.000786901,-0.0665123,-0.12455,0.0308131,-0.0445616,-0.199128,-0.0897638,0.0949915,-0.0582079,-0.0297702,0.0143608,0.206118,-0.0351822,0.0164012,-0.0115394,0.0217011,-0.0460567,0.00503138,0.00326723,-0.000263358,-0.0405268,0.00294574,0.0170793,-0.00537182,-0.0193262,-0.0531676,0.0122628,-0.0102175,-0.0193303,0.1819,0.180717,0.184356,0.158602,-0.0545783,0.0194471,0.164737,0.0336528,0.110565,0.0505522,-0.0148926,-0.0740205,-0.00932036,-0.0663205,-0.000920982,0.132792,0.0290064,-0.0837978,-0.0247024,-0.171392,0.00196836,0.10975,-0.0760756,0.0802791,-0.0479297,-0.00820728,-0.00796527,-0.0648459,-0.02232,0.0273875,0.0574261,0.0843274,-0.298833,0.20786,0.22182,-0.301573,-0.291076,0.185471,0.187583,-0.317009,-0.126715,0.83866,-0.154776,-0.176677,-0.192055,0.436544,-0.2268,-0.225429,0.0886722,-0.0384402,-0.219083,-0.214829,-0.0525804,0.0542191,0.0129936,0.0386165,0.224324,0.0180953,-0.357091,-0.365089,0.0397638,0.237917,0.180337,0.151085,-0.0733033,0.062825,-0.0807462,-0.0106485,-0.0742995,0.11142,-0.076578,-0.0131012,-0.0199756,-0.0169376,0.0926814,0.0801648,-0.0394536,-0.0422321,0.119388,0.116027,0.0160557,-0.117598,0.0564541,0.0200791,0.189126,-0.0686562,-0.0118365,-0.0166146,0.0248813,0.0364494,-0.0247835,-0.141613,-0.0414129,-0.286401,-0.0170792,0.0583783,0.0438047,0.0215574,0.0427852,-0.00352342,-0.0297616,-0.0111619,-0.0499393,0.0145367,-0.0599602,-0.156102,0.104425,-0.0143927,0.121972,0.150877,-0.155414,-0.0864724,0.256692,0.573807,-0.115164,-0.201123,-0.119365,0.305281,-0.242763,1.26081,-0.241155,-0.569075,0.27795,1.40472,0.363763,0.381499,-0.00284315,-0.0497645,-0.0301485,-0.0390895,-0.017457,-0.0211723,0.0181367,-0.0448873,-0.0462977,-0.0185383,0.0160949,0.0422334,-0.042661,-0.0506899,-0.000828119,0.00341821,0.0494728,-0.0367635,-0.113215,-0.0853666,-0.0746089,0.0465414,0.0937853,0.0460174,0.00590798,0.00973884,-0.0402388,-0.0440132,-0.015333,-0.0233941,-0.0267198,-0.00941096,0.226734,0.0863801,-0.0209922,0.0294091,-0.000777676,-0.0503299,0.00140784,0.0602915,-0.0914388,-0.0590097,-0.00578309,-0.0200922,-0.00314499,0.0045199,-0.0415908,-0.0243579,-0.0676314,-0.0874735,-0.220748,-0.0321859,-0.0780061,0.00798396,-0.0770548,-0.0859197,0.000376723,0.0481001,-0.0908049,-0.0336513,-0.0543764,-0.0836775,-0.0281984,-0.0500517,-0.0380655,-0.0678803,-0.063561,0.123247,0.0500004,0.224757,0.177561,0.0374326,0.099542,0.0927029,0.104707,0.1394,-0.0362606,0.0786705,0.170158,-0.0275583,0.0658517,-0.0388034,0.051777,0.0683222,
-1.07851,0.349589,0.200656,0.156873,0.102821,0.192657,-0.231595,0.0833828,0.123429,0.212938,1.05573,0.0668832,0.317302,-0.0861687,0.334135,0.439802,-0.11576,0.0663603,0.138109,0.182643,-0.86257,-0.419632,-0.306873,-0.345782,-0.199255,-0.157695,-0.0564917,-0.0498267,0.00309901,0.929257,0.282327,0.333231,0.394998,0.312095,0.333274,0.266278,0.287664,0.0784539,-0.556116,0.0673379,-0.185008,0.0320414,-0.460125,-0.00512203,-0.00347491,-0.00248856,0.0712954,-0.389211,-0.426727,-0.0386112,-0.0863667,-0.433416,-0.0765193,-0.0191939,-0.0527904,0.00151173,-0.221792,-0.290038,-0.26113,-0.232993,-0.104485,-0.0622903,-0.0268724,-0.121012,-0.148838,-0.155431,-0.26074,-0.0458005,-0.00974904,0.0673201,-0.0140164,-0.00973316,-0.0347787,-0.0494832,-0.00114848,-0.00633362,-0.0108458,0.000975494,-0.0253578,-0.0255619,-0.00556474,-0.0344867,-0.0257486,-0.0113676,0.000474,-0.0197112,-0.0147823,0.0137171,-0.0130738,0.0222027,-0.00966996,-0.0154935,0.0479089,0.0677398,0.0646596,0.042354,-0.146639,-0.112027,-0.120707,-0.157866,-0.163065,-0.0993634,-0.071744,-0.0639408,0.0336172,0.0374893,0.0220183,0.0742287,0.0215297,-0.0172984,0.0189006,-0.00666352,-0.067757,-0.110357,-0.136536,-0.122166,-0.0835243,-0.0738652,-0.0513144,-0.0966146,-0.126353,-0.145616,-0.109103,-0.118176,-0.0954514,-0.068346,-0.107621,-0.128877,-0.0464961,-0.0391619,-0.0366635,-0.0390136,0.0480864,0.0473765,0.0550155,0.0585705,-0.00735047,-0.0306399,0.0253014,-0.0651628,-0.359909,0.138199,0.0247591,0.0544505,-0.0567601,0.0632289,0.0330022,-0.042397,0.134457,0.353467,0.143135,0.263036,-0.0200467,-0.0295312,-0.0174821,0.0436764,-0.0193878,0.0669848,-0.455077,-0.535233,-0.532023,-0.488956,-0.202912,-0.210551,-0.0835821,-0.113259,0.00725418,-0.0317971,0.053174,0.0641939,-0.0639044,-0.025592,-0.00575237,0.0262792,-0.165156,0.0221999,-0.179511,-0.17899,0.122683,-0.0328857,0.142227,0.154583,-0.0452346,-0.0355876,-0.0392748,0.00122018,-0.067603,-0.0434575,-0.0650998,-0.0749166,-0.0700282,-0.00138642,-0.013363,-0.0507801,-0.00344518,-0.0348266,-0.0549432,0.00987077,0.051073,0.0101928,0.0827964,0.0147717,0.0377451,0.0679169,0.0670777,0.0741817,-0.0060504,-0.012764,-0.00212572,-0.0209485,-0.000946579,0.00409193,0.00150135,0.00648282,0.0386529,-0.0834542,-0.134947,-0.157099,0.0630599,-0.0883103,-0.0636759,0.0629365,0.128484,0.916667,0.0609107,-0.0201251,0.176535,0.0645579,-0.0475624,0.0100986,-0.114384,0.00495972,-0.418133,0.0739777,0.178016,0.0149677,-0.121878,-0.0104133,-0.0765402,-0.0132641,-0.0183271,-0.0499,-0.181145,-0.0892379,-0.158665,-0.0408919,-0.132961,-0.0172969,-0.154569,-0.121571,-0.182622,-0.133492,-0.200314,-0.186283,-0.108827,-0.17852,-0.230328,-0.0428153,-0.0674763,-0.118252,0.000222765,-0.0542729,-0.0224678,-0.0431503,0.0284549,-0.37325,
0.34737,-0.267692,0.129156,-0.0100734,0.0249843,0.0282069,-0.0862183,0.0626749,0.0494387,0.108661,0.242498,0.0946526,-0.26471,-0.158134,0.117208,-0.071272,0.160044,0.0426036,0.0674962,0.0614499,0.0400672,0.0120093,0.00120347,0.141459,-0.00716001,-0.126739,0.113519,0.0852712,0.0612089,-0.243659,0.0251213,0.0465537,-0.176358,-0.131954,-0.134255,-0.0853838,-0.0486575,-0.0381313,0.296702,-0.178894,-0.162817,-0.0542051,-0.00958311,0.0432654,0.027442,0.113725,0.054253,0.0770314,0.0868006,-0.264934,0.0603188,-0.140458,-0.0249534,0.0304831,0.0235611,0.0153566,0.0497477,0.0436486,0.177722,0.0394153,0.0357909,0.0850468,0.103243,0.0822518,-0.0339558,0.128864,0.100325,0.0391876,-0.0346106,0.0940181,0.0560185,-0.110979,-0.0400198,-0.0655522,-0.0162825,-0.0451226,0.0111872,-0.0148118,-0.00100392,0.0510172,0.0015892,-0.00729054,0.000968763,-0.0621576,-0.0363598,-0.00852927,-0.0176046,-0.0962106,0.113917,0.156015,-0.0654609,-0.0246641,0.12854,0.0690244,-0.0335016,0.0524637,0.0988948,-0.0910586,-0.0584302,0.19608,0.196034,-0.141317,-0.118158,0.107205,-0.153061,-0.181581,-0.0109888,0.0237438,0.00963864,-7.72962e-05,-0.046365,-0.0286614,-0.0570752,0.0167108,0.0567373,0.0990593,0.177203,0.0723532,0.0231476,0.0821222,-0.0454428,-0.03434,-0.0488991,-0.0297109,0.0245368,-0.0752398,-0.123942,0.0246788,-0.0698703,-0.036637,-0.0350401,-0.0554747,-0.0980198,-0.0535314,-0.0971975,-0.136617,0.0658316,-0.0435157,-0.059385,0.0746809,0.384072,0.0300859,-0.0285125,-0.0329278,-0.190091,-0.00839393,0.00852414,0.00536055,0.0602233,-0.0280819,-0.2215,-0.0884058,-0.11176,-0.0815036,-0.0461195,0.0193444,-0.0784728,0.0176476,0.115244,0.0585396,0.0468161,0.129805,-0.187581,0.116646,0.189412,-0.193462,0.0683117,-0.0109362,-0.0329485,-0.200534,-0.0192658,-0.134252,0.0151659,-0.0236894,0.315167,-0.113764,-0.00721404,0.189907,-0.0719186,-0.0740043,0.144193,-0.0390239,-0.0606754,0.000575775,0.0784212,-0.0648708,-0.0295359,-0.0606042,-0.0114533,-0.0381122,0.0513947,-0.0188694,0.0990349,0.0255522,0.0481476,0.104342,-0.0673039,-0.0361395,-0.00247034,-0.0810489,-0.0336349,-0.0378295,-0.0981217,0.0184276,-0.00634057,0.053328,0.011805,-0.0640821,-0.0287861,0.0401766,-0.0921866,-0.00352897,0.0179356,-0.0358731,-0.200424,0.210975,0.0177577,0.127088,-0.107682,0.0130434,0.00613865,0.0878663,-0.0107856,-0.506808,-0.0405268,0.0703927,0.0596723,-0.0190883,-0.0703575,0.0338557,0.0589669,0.0385322,0.500477,-0.179921,-0.14125,0.00196297,-0.0666035,0.00153616,0.0317312,-0.0434786,-0.0101643,0.59549,0.232238,0.253483,0.253938,0.383131,0.251529,0.517385,0.336576,0.0646163,-0.0231734,0.0782337,0.0963092,0.149012,0.0786782,0.0432322,-0.037803,0.0738101,-0.0069224,0.0454089,0.00845446,0.0781981,-0.0558921,-0.00567012,-0.0623195,0.0351145,
-1.44038,0.0982824,-0.0282558,0.133307,-0.021791,-0.0254373,0.122588,0.184431,0.233072,0.227027,0.941208,-0.312694,0.594877,0.276813,-0.376087,0.277515,0.169942,0.0152393,0.310228,0.158892,-0.691342,-0.275209,-0.179686,-0.206343,-0.209344,-0.114404,0.0152976,0.0541493,0.022394,0.224446,-0.345228,-0.153513,0.323457,0.167861,0.0859812,0.124595,0.141088,0.0942815,0.784002,-0.155173,-0.0412294,0.101603,0.0554772,-0.0272331,0.0101532,-0.00940951,0.00723196,-1.07449,-0.455483,-0.250038,0.0660565,0.160902,-0.233878,-0.00131367,-0.0435072,0.0207,-0.0458621,-0.157531,-0.248259,-0.104517,-0.0876395,-0.0420765,-0.0827543,-0.0383871,-0.0458003,-0.0962976,-0.173112,-0.148894,-0.0650736,-0.133774,-0.124478,-0.0479327,0.0439529,-0.0162498,-0.0961218,0.00924902,-0.017291,0.0625994,0.139439,0.0269052,0.00915486,-0.00961977,-0.011457,0.00735216,0.00639917,-0.0103626,-0.0109033,0.00277102,0.0187402,-0.0129069,-0.00745414,-0.00171172,0.16986,0.185542,0.157729,0.151129,0.191984,0.212486,0.286505,0.246045,-0.208294,-0.303825,-0.280395,-0.253902,-0.0324053,-0.0121931,0.0269355,-0.0201573,0.00164956,-0.0220394,-0.013399,-0.0614271,-0.0797716,-0.0456342,-0.0222483,-0.0410833,-0.0565945,-0.0538976,-0.0767956,-0.0706275,0.0614266,0.0539262,0.0892786,0.0972281,0.0153319,-0.0172067,0.0388605,0.00928766,-0.00535186,-0.0156032,-0.0132223,-0.012028,-0.0473358,-0.0319539,-0.0354759,-0.0370174,-0.0926927,0.0744384,0.0727492,0.0274325,-1.02562,0.16946,0.07174,-0.0408719,0.0289342,0.077524,-0.0175837,-0.0742863,-0.0485706,-0.272942,-0.0540839,0.0631767,-0.0152108,-0.00693158,-0.0156637,-0.0109385,0.0351773,0.021942,-0.530743,-0.560144,-0.606375,-0.577623,0.101589,0.163134,0.143241,0.107688,0.0250219,-0.0237169,-0.0470356,-0.0366319,0.00872707,0.00562204,0.000902092,-0.0198525,-0.224117,-0.231149,-0.321221,-0.280254,0.0570618,-0.199663,-0.0202239,0.10127,-0.0102216,0.0260286,-0.00608386,0.0459577,0.0134303,0.0410612,0.0273523,-0.00488315,0.0229365,-0.0602212,-0.0088226,0.0286355,0.0204269,0.001545,0.0303003,-0.0144987,-0.0244725,-0.0240077,-0.0132043,-0.00739753,-0.0363526,-0.0182806,-0.0179283,-0.00679128,0.0639571,0.0450232,0.0732936,0.0637101,-0.067363,-0.0502915,-0.0574511,-0.0700475,-0.457128,0.0585536,-0.0366536,-0.0350947,0.0621141,-0.0381939,-0.00448138,0.0105307,-0.0755131,0.291247,0.0347652,-0.00327169,0.135068,-0.0504494,-0.0161063,-0.00350116,0.00195273,0.0469228,-0.581552,0.166599,-0.0618074,-0.0385245,-0.114138,-0.00543129,0.0160721,-0.0279956,-0.0325646,-0.147746,-0.108854,-0.165807,-0.090587,-0.155757,-0.0826846,-0.135062,-0.0578629,-0.112741,-0.0102254,-0.0928601,-0.0749401,-0.130405,-0.027039,-0.0412623,-0.0870821,-0.0713446,0.0241614,0.0443653,-0.00052077,-0.0305441,0.02482,-0.116094,-0.0212294,-0.143877,
-0.00454064,0.150373,0.0425284,-0.118148,0.266505,-0.013977,0.111559,0.196321,-0.00429865,-0.0629951,0.46311,-0.256085,-0.0875426,-0.145146,-0.188414,-0.00436722,-0.00632825,-0.0988839,0.159303,-0.173577,-0.292063,-0.111524,0.00493647,-0.210226,-0.314719,0.0664177,0.119798,0.036659,-0.0142929,0.181997,0.184601,0.114267,0.00944101,-0.0582585,0.00184001,-0.0133498,0.00363468,0.00516796,0.0639771,0.625849,-0.0505979,-0.0455987,-0.426148,0.169657,0.0235849,-0.0934537,0.0182506,0.146025,0.0647151,-0.0416218,-0.150575,0.066544,0.0223922,0.0187369,0.032186,0.0616099,-0.0643028,0.010503,-0.0458844,-0.149278,-0.0598323,-0.137377,-0.0445376,-0.233693,-0.0904057,-0.107491,0.0478556,0.08456,-0.0938395,0.00174989,0.00490752,-0.0166901,-0.0207339,-0.0581028,-0.00264199,0.0317963,0.016727,0.0750177,0.000919009,-0.0534798,0.0818581,0.0747588,0.0777909,0.0678952,0.0639863,0.0811906,0.0827185,0.0520889,0.00185693,-0.0218174,0.0171677,0.0408556,-0.0467952,-0.0599917,-0.0174589,0.0037125,-0.0962721,0.00296465,-0.0459034,0.0240014,0.0307149,0.0750959,-0.00992241,0.0339147,0.111217,0.0539841,0.0806572,0.0164146,0.0502252,0.0910654,0.0288216,0.0431766,0.0216621,-0.00241761,-0.0567314,-0.0658832,-0.0300392,-0.0617476,-0.0468464,-0.00940606,-0.064623,0.00583178,-0.00647073,-0.0177101,-0.037024,-0.0304165,0.0123312,-0.0333992,-0.0276759,-0.0475933,-0.0452474,-0.0238745,-0.038701,-0.0351108,-0.0466976,-0.033905,0.103983,-0.0139149,-0.0194935,-0.0459609,0.000221679,-0.419755,0.0319756,-0.0896652,-0.0574622,0.0157325,-0.0528279,-0.0175879,-0.0887639,-0.693925,-0.315852,-0.149257,-0.149829,-0.241734,0.00544544,-0.00447055,0.0873178,0.0928614,-0.176127,-0.061054,-0.140859,-0.152454,0.0937227,0.0716857,0.0590951,0.0909767,0.0395617,0.0165826,0.0741864,-0.0413039,0.0766113,-0.00935856,0.0597259,-0.0271905,0.101431,0.00384984,0.036688,-0.0263487,-0.245385,0.0211352,-0.155803,-0.185636,0.0122946,-0.00653397,-0.0244951,0.0136045,-0.0288357,-0.07217,-0.0621208,-0.0576591,-0.128624,-0.0879907,-0.063038,-0.0498184,-0.103391,-0.0057148,-0.019855,-0.0965837,-0.0381695,0.00425644,-0.0479353,-0.0344795,-0.0966991,-0.0760159,0.00877552,-0.0755077,-0.0102044,-0.0413195,-0.0353629,-0.0410487,-0.0475968,-0.0318465,-0.0571548,-0.0817132,-0.164942,0.210982,0.0242293,0.140018,-0.00260949,-0.0672384,0.0205736,0.00783003,-0.0624122,-0.927966,0.489187,-0.00739128,0.149749,-0.0905398,0.0271547,0.0326149,0.0813836,-0.0106199,0.235872,-0.52723,-0.124468,-0.128235,-0.0656436,-0.158601,0.0136848,0.0403524,0.0634549,-0.121185,-0.0547876,-0.158418,-0.0778744,-0.164609,-0.105708,-0.158882,-0.0571285,-0.109528,-0.085606,-0.144039,-0.0207301,-0.122233,0.0269464,-0.0244071,-0.0128193,0.0626343,0.00403736,0.0353702,-0.0345023,-0.0583547,-0.107123,0.0184818,-0.00718529,0.0258757,
0.114303,-0.0628078,0.171856,-0.00700935,0.180056,0.602626,-0.193471,0.570452,0.07496,-0.0039741,0.202753,1.20849,-0.161483,0.219983,-0.342586,-0.152805,
0.12549,0.453448,-0.278906,0.266689,-0.197213,-0.163243,-0.0234827,-0.496669,-0.200126,-0.302167,-0.153079,-0.160019,0.285591,-0.501337,0.168728,0.166432,
0.35727,-0.0169829,-0.509805,-0.956328,-0.0527116,0.575053,-0.49448,0.324839,0.287671,0.369298,-0.270546,0.00617529,-0.512513,-0.239857,0.127637,-0.0833099,
0.100808,-0.203883,-0.694799,0.469811,0.096313,-0.345532,-0.0622663,0.186645,0.0111361,-0.0255011,0.011147,0.236825,0.048972,-0.254173,-0.0151327,-0.104464,
-0.256626,-0.258803,-0.109968,-0.2245,-0.371868,-0.113889,0.149218,0.169972,-0.132567,-0.134221,-0.589409,0.257321,-0.251671,0.128952,-0.196259,-0.435142,
-0.0554124,0.369198,-0.0982769,-0.133441,-0.0718892,-0.0750241,-0.0484896,0.0746718,0.939784,-0.37275,-0.150744,0.0293357,0.0986777,-0.00187681,0.51647,-0.228584,
-0.124101,-0.0307484,0.062841,0.327563,0.332643,-0.148644,-0.091801,0.0408983,0.00860257,-0.341234,-0.0572223,-0.374852,0.230371,-0.105975,-0.438056,0.00526429,
-0.548875,-0.22514,0.304086,-0.23867,-0.320501,-0.140448,-0.0218224,-0.192226,0.556674,0.249275,-0.191147,0.112769,-0.014583,-0.0286004,-0.114993,-0.245371,
0.0259509,-0.35071,0.0118117,-0.294355,0.302592,0.403758,0.173857,-0.49006,-0.234696,0.601314,0.124322,0.00201151,0.226182,0.395708,0.0679674,-0.131819,
-0.18657,0.244144,0.00619275,-0.0362583,-0.321115,0.0396791,0.26588,-0.250172,-0.205441,-0.354744,0.0061971,0.164454,-0.266068,-0.0274545,0.09686,0.160205,
0.760566,0.561361,-0.0222265,0.0799292,-0.312361,-0.681526,0.0765642,-0.0560201,0.0712512,-0.205006,-0.117378,-0.392835,0.624791,-0.186836,0.327944,0.161455,
-0.128313,-0.380524,0.439518,-0.360482,0.120249,0.364111,-0.26814,0.602888,0.621682,0.0996652,-0.100782,0.929016,-0.157392,0.294029,-0.326607,-0.355497,
0.127728,-0.233235,-0.280631,-0.139679,0.064344,-0.0504261,-0.150591,-0.27362,-0.40787,0.277705,-0.303984,-0.0333303,0.233178,-0.248154,-0.163087,-0.011532,
0.0345241,-0.101693,-0.410925,0.0756602,0.539597,-1.03109,0.36534,-0.200803,-0.0946472,0.70177,0.117113,0.711367,0.106538,-0.0386715,-0.145951,0.142981,
0.174397,-0.499814,-0.771099,0.96273,-0.337407,-0.288142,-0.19476,0.349103,-0.170946,-0.165574,-0.176706,-0.284954,0.0169872,-0.32884,-0.337644,0.176432,
0.399852,0.270667,0.522332,0.383085,-0.113141,-0.642612,0.402199,0.0362793,0.0622445,0.0144784,-0.434243,-1.06825,0.762078,-0.414374,0.614717,0.131123,
-0.198719,-0.0715202,-0.168679,0.331986,0.0546471,0.170284,-0.199922,-0.0600888,0.0379159,0.128077,0.296443,0.179246,0.0560438,-0.169129,0.319228,0.324736,
-0.0354525,-0.129892,-0.344257,0.208242,-0.52795,-0.205037,-0.0048141,0.237388,-0.284347,-0.0896608,-0.461506,-0.116604,-0.191761,-0.112857,-0.131678,0.18808,
-0.191946,0.142353,0.394073,-0.259207,-0.262759,-0.35493,0.274824,0.0795741,-0.0810415,-0.0813371,0.045306,0.0906858,-0.0670259,0.0923056,-0.326706,-0.256313,
-0.117375,0.00739638,0.0953831,0.00312013,-0.0292185,0.274366,-0.245392,0.512683,-0.0332247,-0.106415,-0.192407,0.293886,0.502316,0.0505187,-0.242559,-0.517482,
0.366961,-0.143461,0.254686,0.3014,-0.121481,-0.174254,-0.204516,-0.215661,0.385844,0.355482,0.0139585,0.434264,-0.407435,0.283341,0.0498176,-1.04752,
-0.0741303,0.111961,0.161745,0.0463238,0.0931743,-0.255518,-0.127189,0.0645536,-0.200001,0.543937,-0.556733,-0.247988,-0.0356358,0.0116263,0.598965,0.0883299,
0.140349,-0.287467,-0.188571,-0.304999,0.155118,-0.347269,-0.0880777,-0.179911,-0.218784,-0.202534,-0.138847,-0.126899,-0.225884,0.698568,-0.100423,0.155723,
-0.101455,0.227195,0.00618754,0.236298,-0.182668,0.0477421,0.186016,-0.0074987,-0.275887,0.129906,0.00125417,0.393138,-0.0484517,0.056406,0.0695768,0.00163707,
-0.512839,0.323583,-0.683607,0.586124,0.465257,0.505414,-0.332584,0.147459,0.243077,0.255278,0.511115,0.210134,0.0447294,-0.299641,0.615421,0.236276,
-0.190327,-0.173199,-0.0993173,0.501484,0.242487,-0.482167,-0.197584,0.114684,-0.491198,0.146603,-0.133198,0.129295,0.366717,-0.147728,0.498982,0.27633,
0.419451,-0.0565469,0.599724,0.309462,-0.4368,0.0649562,0.280485,0.242116,-0.293706,0.124909,0.288654,0.622731,-0.448105,0.326616,-0.162044,-0.262228,
-0.414911,0.23481,0.0908167,-0.013901,-0.0913682,0.219087,0.153113,0.115397,0.00317833,0.184638,0.545707,-0.0977382,0.474371,-0.0393297,0.276427,-0.0813042,
-0.149629,0.36455,-0.387055,0.144362,-0.0776967,0.305556,-0.0404612,-0.0834214,0.0828189,-0.194014,0.591527,0.169729,-0.355362,-0.102664,0.912817,0.310233,
0.359342,-0.156716,0.062295,-0.0551392,-0.0480897,0.346226,0.367481,-0.0531398,-0.203159,0.172951,-0.212343,0.147411,-0.287464,0.361288,0.275914,-0.408094,
0.236205,-0.335612,0.147976,-0.127032,0.135664,0.349089,0.142941,0.370471,-0.221513,-0.124288,0.135687,0.465283,0.507518,0.490108,-0.151586,-0.124947,
-0.151707,-0.0662681,0.431662,0.737551,0.345446,-0.0638405,-0.0435994,-0.0030955,0.300076,0.277674,-0.0516943,-0.629246,-0.428778,-0.0185225,-0.217695,-0.0616376,
0.119336,-0.187198,0.342948,0.482193,0.00527241,-0.522972,-0.457886,-0.269809,-0.00287061,-0.0314629,-0.283365,-0.267407,0.0422587,-0.250447,0.318532,-0.128594,
0.230789,-0.0815516,0.110135,-0.0886696,-0.153583,-0.0260831,0.0963186,0.337423,-0.287152,0.152713,0.187866,0.0758082,-0.0540067,0.000562406,-0.203616,-0.2698,
-0.347735,-0.0514519,-0.145089,0.332286,0.216193,0.377726,0.247196,-0.360159,0.119506,-0.141323,0.730643,-0.0701604,0.0422042,0.0913353,0.448268,-0.184265,
0.0137157,-0.102386,0.118966,0.423602,0.392614,0.0813419,-0.132714,0.0567503,0.0407915,0.141047,0.0957666,-0.138435,-0.154164,0.319511,0.394119,-0.157964,
0.427493,0.0503763,-0.457674,0.190063,0.111262,-0.0663237,-0.0588609,0.327976,0.38675,0.217028,0.109282,0.234491,0.235244,0.282843,-0.231826,-0.118425,
-0.285486,0.151519,-0.221358,-0.236083,0.0140896,-0.143703,-0.313199,0.066708,0.0350174,0.305246,0.105787,-0.240937,-0.362972,-0.120242,-0.12825,0.258541,
-0.112529,-0.0932045,0.423667,0.286802,0.300501,-0.283616,0.597417,0.15609,-0.348871,-0.0465931,-0.0365054,-0.0344873,0.0973677,-0.25818,-0.219498,-0.367121,
0.217457,0.238759,-0.0544524,0.324699,0.432481,0.377338,-0.290264,0.115784,0.0376542,-0.152927,-0.347353,-0.111992,-0.302113,-0.409681,0.0434859,0.123487,
-0.200448,0.0348714,0.071662,-0.0164151,-0.341001,0.491663,0.176569,-0.0919747,-0.156456,-0.399742,-0.196779,-0.254224,-0.129157,-0.166196,0.04281,-0.171738,
-0.246706,-0.127921,-0.100956,-0.0174442,-0.0733307,-0.22753,0.288359,0.576251,-0.186003,-0.283229,0.463908,0.165428,0.0817439,0.547434,0.405051,-0.0707682,
0.0498351,0.107741,0.0360191,-0.119885,-0.0934775,-0.0284537,0.479603,-0.00605977,0.454283,0.12281,-0.0215533,0.122364,0.0785731,0.324435,-0.309275,0.321656,
-0.262483,-0.0848763,-0.230048,0.00324196,0.382293,-0.098154,0.272752,0.319099,0.256374,-0.248061,0.399169,-0.282041,-0.876547,-0.0433403,0.0924799,-0.281443,
0.339747,-0.292828,0.230332,-0.128113,-0.147056,-0.497356,-0.0086795,0.61221,0.424902,-0.0428707,-0.169979,0.0453398,0.226617,-0.0259847,0.175164,0.016463,
0.0723512,-0.0643493,-0.0632265,0.101383,-0.131607,0.276739,0.181078,-0.247478,0.283246,-0.22159,0.107073,0.197407,-0.539462,-0.209799,0.0281258,-0.145272,
-0.116599,0.267532,-0.0576102,-0.181348,-0.293995,-0.6089,-0.0496677,-0.140439,0.59423,0.333636,0.0658784,0.488088,0.795181,0.117783,0.126162,-0.186871,
0.0200822,-0.26149,-0.099623,-0.437539,-0.117326,0.100757,0.0686724,0.0660866,-0.291568,-0.0757438,-0.124337,-0.0657682,-0.0277156,0.0780404,0.137371,-0.168948,
-0.104201,0.200169,-0.183283,0.000474431,0.136753,-0.105308,0.407865,-0.0458997,0.118572,-0.0978132,-0.0566853,0.24022,0.0350784,-0.0546578,0.329162,-0.198155,
0.0236562,-0.158144,0.000906305,-0.0562983,0.606458,0.214199,-0.103633,-0.24821,0.134123,-0.245986,0.157555,0.130508,0.182705,-0.0659181,0.550489,0.339174,
-0.277985,-0.18154,0.368751,-0.7378,-0.144461,0.0427397,-0.0955202,0.240066,0.0939109,0.182668,0.164215,-0.269053,-0.116801,0.0124138,0.0514073,0.20398,
-0.0321634,-0.305574,0.121812,-0.234057,-0.293667,-0.517008,-0.193944,-0.214342,-0.516766,0.107452,-0.142304,-0.00799724,-0.188939,0.0622807,0.305695,-0.209414,
0.245782,0.116404,0.0169206,0.218511,0.225121,-0.0371829,-0.0596534,0.343613,-0.413825,0.150237,0.00165241,-0.0648207,-0.296239,0.0218262,-0.133058,0.136371,
-0.298853,-0.268573,-0.63545,0.409671,0.208048,0.00578775,0.011735,-0.0579553,-0.302477,-0.280185,-0.0218894,0.0539464,-0.0426544,-0.04895,-0.420301,-0.189052,
0.332849,0.190244,0.0454271,-0.720275,-0.222094,0.447602,-0.519639,0.232402,0.40096,-0.179741,0.218826,0.270115,-0.0989685,0.459182,-0.203483,0.131368,
0.0656437,-0.0466547,-0.0592126,0.313544,0.558609,0.274129,0.0150615,-0.0587341,0.248965,-0.277954,0.270773,-0.13121,0.268962,-0.337319,0.396866,-0.295366,
0.129115,-0.0956106,-0.0488006,0.393741,0.158906,0.190667,0.112092,-0.0400573,0.0951821,0.395459,0.0267039,0.278183,0.0484754,0.22533,-0.260568,0.440463,
0.33156,0.0905867,0.834509,0.232894,0.512596,0.155982,-0.320701,-0.31576,-0.16261,0.499318,0.0739408,0.710788,-0.17648,-0.0583261,-0.348249,-0.0887626,
0.135275,0.104333,-0.134785,0.0768068,0.239745,0.0532709,0.124936,-0.0587273,-0.172358,0.0552254,0.469438,-0.166162,0.353105,0.318231,0.365389,0.231378,
0.146191,0.133346,0.181013,0.0821461,0.0255036,0.0734599,-0.153422,0.139302,-0.0100904,0.49152,0.0533616,-0.189496,-0.424728,0.177631,0.0694831,-0.171987,
0.0760009,-0.766142,-0.00756726,-0.0775505,-0.188746,0.469017,0.123292,-0.194074,0.173239,-0.489939,0.569701,0.167965,-0.348298,-0.127582,-0.310546,-0.252826,
-0.104071,0.401947,-0.15614,-0.142779,-0.27524,-0.156331,0.0545946,0.0143645,-0.112397,0.11743,-0.073286,0.0767446,0.768108,-0.365827,-0.39841,0.00607125,
-0.473376,-0.197459,0.283096,0.490553,-0.567842,-0.63526,0.084499,-0.0879402,0.181325,0.221846,-0.320139,0.049219,0.107902,-0.0573047,-0.0244526,0.0556028,
-0.225378,-0.24881,-0.107736,-0.0145717,-0.0966874,-0.305519,0.194412,0.0187199,0.250896,0.0515553,0.177687,0.0884805,-0.0563639,-0.028418,-0.129281,-0.0646059,
-0.252516,-0.655974,0.0899581,0.362089,0.22281,-0.0168903,-0.234966,-0.597401,0.465327,1.16012,-0.550396,0.394529,-0.0860373,-0.222006,0.454631,-0.0458094,
