206,16,16,16,16,16,1,
0.00419711,-0.000459395,-0.0110166,0.00326352,0.000146948,0.00242753,-0.0071764,0.00622214,0.00700287,0.01335,-0.000705417,0.0198037,-0.00364498,0.0227929,0.00499436,0.00589903,
0.0168284,-0.0715629,-0.0176857,0.0160915,-0.00294419,-0.00720497,0.000815972,-0.0686567,0.0334523,0.0113262,-0.0193358,1.16181e-06,0.00445519,-0.0829917,0.10166,0.00133763,
0.018992,-0.0107022,-0.00853134,0.264985,0,-0.000967521,-0.00498516,0.0100737,0.0182348,0.0427441,0.121242,9.62666e-07,0.0687422,0.00293804,-0.0128327,-0.00265824,
0.151223,-0.0268839,0.0434857,0.120245,0.104456,0.113661,0.0631151,-0.00525763,0.254065,0.0196984,0.0968507,0.0295615,0.0328444,0.00290171,0.0139055,-0.0154588,
-0.0209048,0.0516208,0.0530871,0.187028,0,-0.0036979,0.000359958,0.0332095,0.309169,-0.0314546,-0.0606669,0.0250442,0.279594,0.175374,0.100935,0.0185955,
-1.05415,
0.0500009,0.106497,0.0748786,0.0547916,-0.00273986,0.153651,0.0441175,-0.0180775,0.00111771,-0.096966,-0.0340658,-0.0152682,0.0102375,0.0451039,-0.0624413,-0.176225,-0.0307247,0.0146489,0.0117063,0.103875,-0.0162653,-0.0522052,0.00223026,0.00160209,-0.00403129,0.050806,0.0852437,0.0169169,0.0156647,-0.207549,-0.133487,-0.0295763,-0.00570977,-0.0157685,-0.0423696,-0.0683455,-0.014334,-0.0106937,0.0665053,0.0550265,0.0758395,-0.00945035,0.10797,0.134434,0.0640693,0.117181,0.056609,-0.0021451,0.00280943,-0.0113612,-0.018918,-0.0634445,-0.0535244,-0.0124322,-0.0132782,0.0356141,-0.0981967,-0.177923,-0.0954234,-0.00309915,-0.0681595,0.0811148,0.0753613,0.0336396,0.0298291,0.0777668,0.0552871,0.0842797,0.0437596,-0.026249,0.0564165,0.0633082,0.0609046,0.0515718,0.020259,0.0229706,0.0175258,0.0132978,0.00374466,-0.00162555,0.0126225,-0.00147438,0.00195261,0.00372175,0.010294,0.00698869,-0.0112791,-0.00271615,0.0175582,0.000152398,0.00054868,0.0125617,0.0127802,0.0102529,0.0070005,-0.0406575,-0.0554095,-0.0145564,-0.0308939,-0.0584437,-0.045743,-0.00509127,0.0691801,0.0631934,0.0466219,0.018034,-0.063568,-0.0666309,-0.0638307,-0.0141395,-0.026796,-0.035245,-0.0226609,-0.0181651,0.0146962,-0.000921263,0.0300473,0.00513573,-0.0386019,-0.0314414,-0.0319422,-0.0210124,-0.0250354,-0.019596,-0.000418279,-0.020796,0.00370426,0.0315544,0.0322142,-0.0012349,-0.0227627,0.00977359,0.0160454,-0.00740575,-0.00351828,-0.0252907,-0.0260789,-0.0194071,0.00554651,-0.0105534,-0.0170603,-0.0221299,-0.033822,-0.0145085,0.00856754,-0.0292377,0.0239831,0.0356671,0.0302258,0.0356949,0.0558096,0.0330272,0.00646473,-0.0056632,0.0374026,0.0269369,-0.0034826,0.00226338,0.0347939,0.0281935,0.0154089,0.028536,-0.0110237,-0.0277246,-0.0315163,0.00794304,0.0093044,-0.00292444,-0.00541788,-0.0127452,-0.0575511,3.24312e-05,-0.0470669,-0.0392667,5.26777e-05,0.00539553,0.000219708,-0.0116852,-0.010831,-0.00188624,0.00159151,-0.000176398,-0.00725192,0.00839018,-0.00958114,-0.0169097,-0.0250369,-0.00624339,0.0041157,-0.00895405,-0.0238982,-0.032276,-0.0234993,-0.0086859,-0.0185416,-0.00697103,-0.00480859,-0.0147403,-0.00417348,-0.000538583,-0.00575524,0.00559858,-0.00671127,-0.0083912,-0.00579124,-0.00931997,
-0.00190563,-0.00919721,0.00808403,-0.000409046,-0.0043544,-0.00371986,-0.00531192,-0.00458474,0.00355601,0.00206744,-0.00168955,-0.00551903,0.00441134,-0.00169603,0.00206375,-0.00544629,-0.0122144,0.000833548,-0.00569373,0.00109465,-0.00177656,-0.00207554,-0.00846722,-0.00500904,0.00638783,-0.00207902,-0.00296724,-0.00395593,-0.0116835,0.00569565,-0.00167913,0.00232144,-0.002805,-0.00207332,0.00266047,0.00265802,-0.00864548,-0.00693541,-0.00331067,-0.00187921,-0.00545355,-0.000391263,0.00179973,0.000462415,-0.00913927,0.00129933,0.00806863,-0.00271916,0.00233803,-0.00469421,-0.00607943,0.00223919,-0.010372,-0.00367537,-0.00734991,0.000235603,-0.00434312,0.00527932,-0.00159775,0.000402893,-0.00389001,0.00130453,-0.00174005,-0.000600357,-0.00130103,0.00246294,-0.0114639,-0.00598347,-0.00439599,0.00139147,0.00370394,-6.56802e-05,-0.00429278,-0.00406688,0.00801159,0.00573562,0.00402515,0.000725928,0.00330484,0.00197142,0.00904838,0.00399297,0.00328927,0.0032206,-0.00303646,-0.00662384,-0.00649028,-0.00745381,-0.00306801,-0.00249689,0.00340924,0.00515858,0.00735463,0.00109573,-0.0121141,-0.000603467,-0.00761774,0.00193878,-0.00397365,-0.00500831,-0.00184282,0.00117691,-0.0116379,0.00206806,0.000193137,0.0018944,-0.00113915,-0.011144,-0.00585922,0.00461933,-0.000502561,0.00212916,0.00146367,0.00393902,-0.00142175,-7.18892e-05,0.00323552,0.000758479,0.00382474,0.00385249,-0.00485812,0.00521149,-0.000479681,0.0080364,-0.00702857,-0.00632067,-0.00188796,-0.00181506,-0.00642491,-0.00302545,-0.00133926,-0.00357857,0.00583691,0.0017283,-4.87555e-05,-0.000989805,0.00508113,0.00344188,-0.00719247,-0.000245807,-0.00517328,0.0023199,0.00744061,-0.00151481,0.00615059,-0.00110836,0.00232469,0.00138456,0.00266128,0.0115169,0.000973713,-0.00123959,-0.00521253,0.00301546,-0.00501945,-0.000458034,-0.00829465,-0.00118367,-0.0024083,-0.000576131,-0.003972,-0.000996927,-0.00349866,0.00307336,0.000879212,-0.00610826,-0.00211028,-0.00549552,0.000280825,-0.00451053,0.00254107,-0.00481144,0.0028238,6.45809e-05,-0.00138629,0.00638654,0.00721307,-0.00121097,0.0033005,-0.00676077,0.00186672,0.00727196,-0.00280744,0.00093252,-0.000832694,0.00254375,0.00723951,0.000215211,-0.00113233,-0.00999958,0.00235439,0.0031771,-0.00484871,-0.00464738,-0.0118039,-0.00553865,0.00376946,0.00244525,-0.00207661,-0.00263421,0.00304673,0.00401961,-0.000563297,-0.00132457,0.0041556,-0.00628566,
-0.410977,-0.0872985,-0.0353741,0.067135,-0.0812231,-0.057753,0.00596328,-0.0100034,-0.0974295,-0.0160269,0.241077,-0.047704,0.0719937,0.0148956,-0.0212488,0.00276736,-0.0635771,-0.047595,0.00749695,-0.0319405,-0.50517,-0.237978,-0.122212,-0.0792784,-0.212838,-0.254519,-0.219141,-0.0848498,-0.0325836,-0.0429281,0.117373,-0.0448326,-0.0490285,-0.00842559,0.0111818,0.0553644,0.0212802,0.0115228,-0.200573,-0.180408,-0.189698,-0.0973924,-0.178729,-0.114554,-0.0186206,-0.0490524,0.0263317,0.232012,0.166173,0.169861,-0.00884224,0.240853,0.269845,0.177357,0.277709,0.172665,0.19214,0.120513,0.137463,-0.00719651,0.135449,0.16001,0.0330846,0.0558526,0.0168548,-0.0686595,-0.0298526,-0.00155693,-0.0399693,0.0302161,-0.0243403,-0.0193007,-0.0659853,-0.030474,-0.0500787,-0.0409203,-0.0492387,-0.045994,-0.00987389,-0.00401106,-0.00663492,-0.00735886,-0.0103294,-0.00731871,-0.00502528,-0.00357263,-0.0126413,0.0306872,-0.00789084,-0.0468108,-0.00488039,0.0245197,-0.0123695,-0.0389637,-0.0296712,-0.0077605,0.0319096,0.032504,0.038018,0.0244665,-0.0161687,-0.011943,-0.0325078,-0.0855845,-0.0101694,0.0678077,0.0193671,0.0539381,-0.0246899,-0.117559,0.0692791,-0.000937596,0.0740137,0.0593002,-0.0519676,-0.0554796,0.0220458,0.0112846,-0.0275141,0.0257674,0.0439789,-0.0364917,0.0218837,0.0447215,0.0361031,0.0116645,-0.080622,-0.108162,-0.099991,-0.0258228,0.0648839,0.0774111,0.0853624,0.0442407,0.0848352,0.0523653,0.0173001,0.00965031,0.00130239,-0.0130921,0.0262402,0.00894357,0.0348995,0.0470818,0.0137039,0.0236427,-0.15614,0.00696103,0.1335,-0.021241,-0.189188,-0.141519,-0.162745,-0.160424,-0.0602334,-0.0601853,0.0211996,0.0137693,-0.0698968,-0.0648443,-0.00309208,-0.0566558,0.0313031,0.0895887,0.0975877,-0.0104534,-0.158287,-0.109635,-0.117672,-0.117879,0.00161864,-0.114162,-0.0133379,-0.0224435,-0.066174,-0.0587011,-0.0327361,-0.0351138,0.00936819,-0.00285271,-0.0137158,-0.0167025,-0.0458405,-0.0770581,-0.0609831,-0.0323627,-0.0146859,0.0128265,0.00152329,-0.0216621,-0.00903302,0.0204831,0.0318835,-0.0109142,0.0231969,0.0154144,0.00818055,0.0173197,-0.107804,-0.0433469,0.00531755,-0.0638447,-0.00715584,-0.0171155,-0.0358097,-0.0313052,
0.86927,0.255288,0.193857,0.252542,-0.0262735,-0.0104122,-0.00494757,-0.00416726,0.0230366,0.0113701,-1.01132,-0.18362,0.147423,0.230796,-0.397729,-0.0690032,0.0324903,0.0049688,-0.000104451,0.00463191,0.106466,0.133084,-0.0191163,0.141655,0.263795,0.416637,0.414643,0.0817317,0.0571879,-0.956988,-0.372691,-0.0885538,-0.205917,-0.343964,-0.513923,-0.466678,-0.13892,-0.0961882,-0.0240662,0.0093328,0.113556,-0.0791348,0.31958,0.336838,0.359225,0.388576,0.328507,-0.323726,-0.304093,-0.425814,-0.187304,-0.356232,-0.129075,-0.0950384,-0.0618334,0.0478097,-0.136874,-0.0909163,-0.0280743,-0.00729015,0.00660537,0.0246425,0.0341302,-0.0509348,-0.101896,0.334407,0.388445,0.0814381,0.174792,0.0988161,0.181927,0.0555803,0.128654,0.0794354,0.1453,0.146052,0.16371,0.114982,0.024278,0.0310056,0.0304497,0.0154187,0.0264596,0.0242941,0.0239376,0.0251096,-0.00659493,0.000227474,-0.00367674,0.014593,-0.00157861,-0.00628609,0.00525285,0.0105042,-0.00457667,0.00628208,8.70945e-05,-0.0141887,-0.0166397,-0.00305511,0.000419432,0.00610607,0.0056201,-0.00145893,7.13488e-05,-0.0249978,-0.00899725,0.00295605,-0.00995644,-0.0124306,-0.0466231,-0.0887994,0.00604828,-0.00153332,0.00485164,0.0890065,0.153626,0.104454,-0.00705974,-0.0204651,-0.0117249,-0.00503016,-0.00712942,-0.00895375,-0.0169022,-0.00627597,0.0294141,0.0279758,0.0722706,-0.0142872,0.0960451,0.0752308,0.0448436,0.0763761,-0.0036789,0.010433,0.00342565,0.00794922,0.0187949,0.0297277,0.0433271,0.0319948,-0.0106569,-0.0232256,0.00743028,-0.0144265,0.0952472,0.0392353,0.0601043,0.0847389,0.395891,0.459014,0.523073,0.508417,0.0889492,0.0810772,0.0958208,0.0875326,-0.0454421,-0.0360184,0.00497496,-0.0178284,0.0358709,-0.0202938,-0.0525243,0.0107055,0.0503508,0.000859566,0.0321741,0.022158,-0.207895,-0.00305936,-0.165473,-0.178356,0.0565605,0.05757,0.0794543,0.0622894,-0.106937,-0.0981196,-0.058267,-0.0787045,0.00480245,0.0180613,0.0105365,0.0219223,0.0198782,0.0246234,0.00420115,0.00427017,-0.0548779,-0.0618448,-0.0540639,-0.0706271,-0.0373423,-0.0166309,-0.0413856,-0.0411388,0.0345701,0.0264045,0.0446597,0.0307423,-0.0733144,-0.0855602,-0.0681031,-0.0772194,
-0.000859617,-0.00424718,-0.00153589,-0.00696855,-0.00649254,-0.00882578,-0.00374487,0.00287448,0.00921203,0.00826269,0.0210326,0.0048798,-0.0080729,-0.0181945,0.00556911,0.0144326,0.00415023,-0.00288469,0.0041394,-0.0146456,-0.0203348,0.00488685,0.00491219,0.0239497,-0.00229617,-0.00603005,-0.023467,-0.00729896,0.000484954,0.020334,-0.00539395,-0.0135837,-0.00925533,-0.0161382,-0.00544858,0.00515203,0.00455669,0.0111557,0.00591999,0.0153132,0.0182634,0.0179582,-0.012572,-0.0134865,-0.00683646,-0.0100063,0.00258995,-0.00083402,0.0222459,0.0202003,-0.0197627,0.0118846,0.0155923,0.00313514,0.00828126,0.000414308,0.0210872,-0.0054704,0.0257793,-0.00846493,-0.00194118,-0.0105212,0.0041314,0.0143483,-0.00389371,-0.0194001,-0.0339822,-0.00881259,0.0203499,-0.0155081,0.00340943,0.0172733,0.0135144,0.00280747,-0.00818812,-0.00970512,-0.0156847,-0.014419,-0.0105665,-0.0159052,-0.0107979,0.00871916,-0.00456633,-0.00103306,0.00988187,0.000356819,-0.0181831,-0.0353882,0.028662,0.0197157,-0.0267532,-0.0241891,0.0277871,0.0147573,-0.0111379,0.0224283,-0.025652,-0.00689657,0.0119511,8.57067e-05,0.0122063,0.00658942,0.00855161,0.0132368,-0.0295381,-0.0135538,-0.0280497,-0.0298277,0.0429947,0.0337039,0.0316872,0.000212925,-0.0208404,0.00525763,-0.0187273,0.0325266,-0.0517822,0.0205278,-0.0261103,-0.0106627,0.014827,-0.00187119,-0.0122739,0.00430277,0.000366414,0.0151641,0.0345132,0.0388661,0.0332666,-0.0051838,-0.104986,-0.0902311,0.00174073,0.0296467,0.00473061,0.00801044,-0.0163922,0.000354302,0.0223331,0.00984971,-0.0582652,0.0099286,-0.02049,0.0225358,0.0246925,-0.0115427,0.117787,-0.124241,-0.0992853,0.115696,-0.067089,0.0285363,0.014803,0.0328644,0.00968471,-0.012339,-0.0235824,-0.00489239,0.0215754,0.0275701,0.0181354,-0.00262925,-0.0432203,-0.026427,0.00818468,0.0217004,-0.00440136,0.00525311,-0.0275199,0.0096234,0.0134413,0.0174813,-0.00974194,0.0033163,0.0186536,0.00884906,-0.0271313,0.00975997,-0.00622264,-0.00080551,0.000502335,-0.00575082,0.0229736,0.0234395,0.0218117,-0.00293567,-0.039844,-0.03911,0.00336048,0.0265988,-0.0149566,-0.0124362,-0.00261354,0.00641886,-0.00736218,0.0059145,0.00748657,-0.0124839,0.0693167,-0.0509097,-0.0510325,0.0585683,-0.0010875,0.00329591,0.00239481,-0.0032627,
-0.455211,-0.113144,-0.0886047,0.03904,0.00721391,-0.0303454,0.000780455,-0.00147568,-0.0250656,0.00804716,0.535306,0.0749493,0.112814,0.0400549,-0.0419065,0.016415,0.0165789,0.00525201,0.0469829,0.00631071,-0.320635,-0.781183,-0.0174685,-0.240504,-0.0946548,-0.331647,-0.269065,-0.0576731,-0.0450936,-0.458338,-0.0433195,-0.0850492,0.0118177,0.00460035,0.145074,0.121865,0.0402315,0.0213414,-0.0474066,-0.0893156,-0.1052,-0.130697,-0.229028,-0.0249654,0.003853,-0.0191208,0.0266787,-0.222584,-0.188549,-0.188811,-0.0757905,-0.0431005,-0.109545,0.166343,-0.0205646,0.0991605,-0.385972,0.658366,-0.167967,0.0403169,-0.062903,0.138365,-0.0100921,0.0620163,0.0240623,-0.0368081,-0.00231647,0.00883119,-0.0265331,0.0891418,0.0241456,0.0302016,-0.00937153,-0.0268938,-0.0552833,-0.0418334,-0.0396734,-0.0423637,-0.0193835,-0.0141295,-0.0285741,-0.0123106,-0.0325122,-0.0173077,-0.0219057,-0.0209877,-4.90004e-05,-0.0160337,-0.0155265,0.00976017,-0.00877278,-0.032088,-0.0112413,0.0133443,0.0182693,0.0272207,-0.0216175,-0.0204796,-0.0269558,-0.0249268,0.0234762,0.0180107,-0.00188334,0.0519602,0.00290294,-0.0834955,0.011066,-0.0451878,-0.0172238,0.0884537,-0.105391,-0.0772153,-0.0899896,-0.115259,0.029377,0.00897584,-0.0278091,-0.0287309,0.0992998,0.0380184,0.0242679,0.0716031,0.116674,0.0924929,0.105416,0.0968023,0.0649013,0.0818905,0.0841923,0.0362593,-0.0355194,-0.0911691,-0.0919165,-0.067898,-0.0432233,-0.0297081,0.013921,-0.0117052,0.0268138,0.0468634,0.0103062,-0.000763414,-0.0512945,-0.0387934,-0.012196,-0.0204568,0.133031,0.0258221,-0.158214,-0.0246013,-0.171836,-0.260364,-0.269516,-0.273837,0.033782,0.0542913,-0.0172801,-0.0233916,0.0801283,0.0770633,0.0291491,0.0859486,-0.0171023,-0.0709048,-0.0765527,0.0299045,-0.0675139,-0.0422324,-0.0981642,-0.110105,-0.129329,-0.0418082,-0.131164,-0.127148,-0.0226426,-0.0234106,-0.0221376,-0.0332006,-0.0183722,-0.00899773,0.0167092,0.0239515,-0.0810111,-0.0435891,-0.0534293,-0.108976,-0.0975673,-0.124901,-0.148864,-0.11241,0.000823648,-0.0154673,-0.0332959,0.0112327,-0.00855561,0.00155361,0.00667256,-0.01111,0.00707538,-0.0583855,-0.122476,-0.0672745,-0.0268745,-0.0123326,-0.00629388,-0.0134256,
0.606344,0.11667,0.190102,0.163665,-0.139381,-0.0721296,0.00771269,-0.00019377,0.0493831,0.029959,-0.79106,-0.157248,0.0101046,0.130363,-0.201396,-0.04029,-0.0410236,-0.0488673,-0.107403,-0.0589775,-0.107417,0.136185,0.0103773,0.0573191,0.147293,0.228905,0.216167,0.0323549,0.0336506,-0.820615,-0.360166,-0.118991,-0.182419,-0.30744,-0.393973,-0.307031,-0.0990693,-0.0476232,-0.211964,-0.183023,-0.1218,-0.15052,-0.000265049,0.0490628,0.210734,0.11841,0.215603,-0.311528,-0.27835,-0.33667,-0.211787,-0.264368,-0.0407648,-0.0383282,0.0664025,0.0468999,-0.0155328,0.0544666,0.0216927,-0.026287,0.118365,0.00137143,-0.00433011,-0.0348802,-0.03604,0.229544,0.163708,0.017115,-0.0261641,-0.0170836,0.0248679,0.0162887,0.0730827,0.0651501,0.0919486,0.0995155,0.084707,0.0742398,0.0231596,0.0319461,0.0362237,0.0102013,0.0202973,0.023847,0.0259409,0.0274703,0.0262035,0.0215255,0.0311644,0.00597309,0.0251072,0.0254183,0.0207583,0.00761709,-0.011218,0.00615218,0.0277254,0.0390067,0.0306589,0.0326941,0.0167988,-0.00605385,-0.0123093,0.00928948,-0.036554,-0.0273839,-0.00731138,-0.0266117,-0.0044287,-0.0359935,-0.00984098,-0.0578325,0.0240629,0.0238912,-0.0264835,0.0330033,0.134907,0.0767864,0.0231918,0.00895523,0.00674965,0.00672468,0.0236214,-0.0145653,-0.00751382,0.00518417,0.0376643,-0.00788672,-0.00474274,0.0406676,0.0119287,0.0297204,0.0275101,0.01654,0.0384197,0.0325514,0.0321531,0.0406592,-0.00444503,-0.0182379,0.00785482,-0.00243598,-0.00458178,0.0266081,-0.0472613,0.0104551,-0.0204779,0.0019459,0.00642811,-0.0124985,0.177538,0.279967,0.471708,0.457973,0.00315516,-0.0153386,0.0422136,0.0503148,-0.0797378,-0.0529302,-0.021192,-0.062192,0.0264929,0.0500927,0.0366643,-0.0116893,-0.0337299,-0.04408,-0.0203163,-0.022287,-0.175193,-0.0412744,-0.163971,-0.172758,0.0227222,0.0264143,0.054485,0.0507187,-0.090891,-0.0885688,-0.0599846,-0.0756515,0.00913481,0.00241052,0.000947322,0.0453811,0.0221457,0.0265331,0.0272191,0.0134185,-0.0463865,-0.0527096,-0.0502712,-0.0738979,-0.0354235,-0.02971,-0.0496077,-0.0424085,0.00235776,0.0315495,0.0396731,0.0190794,-0.0735524,-0.0829776,-0.0903472,-0.0742847,
0.522888,0.201979,0.0216136,0.0676517,0.0586205,-0.0976061,-0.00662327,0.0190349,-0.00620084,0.0185449,-0.343585,-0.0943234,0.00408268,-0.0454329,-0.0824737,0.0738601,0.0436985,0.0114444,0.0494754,0.00851058,0.290275,0.077787,-0.000121519,0.11011,0.107158,0.252435,0.261298,0.0538849,0.0461978,-0.0621189,-0.0178357,0.0567746,-0.0240514,0.0437651,-0.0739811,-0.117629,-0.0377145,-0.014187,0.153276,0.155375,0.170262,0.0684546,0.213298,0.149627,0.0878221,0.120828,0.04939,0.00247627,0.0160739,-0.0240088,0.00147212,-0.129213,-0.0933292,-0.123434,-0.0808651,-0.0385645,-0.169448,0.00339381,-0.0365746,-0.0187223,-0.0402511,0.0219448,0.038551,-0.0201216,0.00688002,0.0166217,0.325549,0.031521,0.134579,0.0171015,0.101233,0.00222989,0.0339341,0.0470543,0.0641382,0.0683817,0.0702017,0.0679073,0.00112137,0.00880628,0.00846876,0.00171426,0.00541937,0.00289048,0.0173252,0.0142113,0.010366,0.0323871,0.00875985,0.0129348,0.0105185,0.0216569,0.0150712,-0.00280366,0.00188483,0.00840086,0.00293982,0.00724759,0.00138128,0.0030293,0.0025251,0.00327328,-0.0380699,-0.0333535,-0.0184413,-0.0307572,0.0342527,0.0405566,0.0235873,0.0230753,-0.0351267,-0.0284617,-0.0599039,-0.0471892,-0.0257228,0.00395289,0.0203908,0.00981755,-0.00299549,0.00362593,-0.0141123,0.00873964,0.00594298,0.0068447,0.00454333,0.00494011,0.0345371,0.0275663,0.0397246,0.0136157,0.0557011,0.0561817,0.045955,0.0596479,-0.0137423,-0.0132645,0.00634532,0.00830298,-0.0163616,0.00809403,0.00326916,0.0140895,-0.0339827,-0.0175286,-0.00950602,-0.00152049,0.0488833,0.0275704,0.0594927,0.0432258,0.19092,0.203746,0.23667,0.216627,0.016497,0.0324573,0.0563864,0.0452657,0.00298498,-0.0176213,-0.00443564,-0.0137707,0.0363404,0.0251488,0.00928161,0.000738834,0.0883037,0.0424634,0.0733868,0.084179,0.000975976,0.0418674,0.00881781,0.00643521,0.0348161,0.0343658,0.0215943,0.0234998,0.00532903,0.0112499,0.00664827,0.003999,0.00929403,0.0107115,0.00472403,0.00895424,0.0046396,0.00415727,0.0110865,0.00791795,-0.0137818,-0.0123657,-0.0107969,-0.00414097,-0.00298918,0.00575198,0.00617221,0.00105673,0.0193175,0.0266161,0.0373027,0.0296965,0.000105316,-0.00119125,0.0212234,0.00879185,
0.0624655,0.0425317,-0.0148011,0.165437,0.126561,0.0760661,0.0224923,0.00973888,0.0339706,0.0431786,-0.251457,-0.128425,0.271926,0.0544056,-0.203775,0.00480229,0.053496,0.0159478,0.033155,-0.011927,0.694832,-0.170666,0.0140969,-0.0754739,-0.0248549,0.0362805,0.129133,0.0519825,0.0164805,-0.38543,0.431484,-0.200621,0.069,-0.22868,0.00445393,-0.138811,-0.0506667,-0.0288458,-0.117229,-0.126111,-0.0543731,-0.0889121,0.0824412,0.0845421,0.0107698,0.0556805,0.0338445,-0.152759,-0.0306289,-0.0354175,0.0528569,0.100841,-0.0169475,-0.0781124,0.0117111,-0.0407406,0.113327,-0.190662,-0.0776447,0.0324953,0.00464772,0.0445635,-0.0165636,-0.0139053,-0.0118255,0.445817,-0.622557,0.539092,-0.300363,0.231387,-0.21844,-0.053234,0.0541987,-0.0176664,0.117712,0.119305,0.145859,0.118116,0.000995524,0.00814816,0.0106761,-0.00354726,-0.0102712,-0.0166518,-0.00894475,-0.0213326,-0.0125204,-0.0117519,-0.00826497,-0.00570144,-0.0145817,-0.00473616,-0.002937,-0.0121158,-0.00353594,0.0201022,0.00699094,-0.00447855,-0.0133429,0.00346915,0.0133186,-0.00587574,0.0382713,0.0341308,0.033252,0.00652921,0.0196275,0.0156129,0.00561332,0.0265917,0.0117951,0.00937215,0.0319619,0.0574173,0.0604693,0.0801763,0.170783,0.135368,-0.0372729,-0.033272,-0.0212977,-0.0292999,-0.0295939,-0.0193263,-0.0141713,-0.00756117,-0.0908487,-0.0761124,-0.0835955,-0.0476251,-0.0855854,-0.083199,-0.0690551,-0.0688883,-0.00629551,0.00150819,0.00947098,0.0138759,0.0499667,0.0590753,0.068418,0.0554912,-0.0121398,-0.0111866,0.00543305,-0.00619384,0.0573782,0.0600781,0.0662649,0.0679947,0.0434746,0.0521932,0.132004,0.0715525,0.0682299,0.0869497,0.0881494,0.0802961,-0.0244178,-0.0144083,0.00863294,0.00623806,0.00418788,0.0039217,-0.030675,0.0104401,0.189119,0.116257,0.193367,0.184523,-0.084935,0.136252,-0.0761142,-0.0532059,-0.00537796,-0.00678111,-0.00144709,-0.000324832,-0.0798306,-0.0615367,-0.049126,-0.0509568,-0.032857,-0.0256992,-0.0335137,-0.021681,-0.0232041,-0.0142409,-0.0188355,-0.0236051,0.0437295,0.0407443,0.0475278,0.0504934,0.0576303,0.0691199,0.0645718,0.0675948,-0.0200743,-0.0116335,0.000727619,-0.0178233,-0.0372064,-0.0433962,-0.0202513,-0.0352351,
0.103115,0.0808468,0.0954891,0.125284,0.0377534,0.0526977,0.100739,-0.0389648,0.099373,0.0127402,-0.290685,-0.201981,0.18058,0.140294,-0.0865962,0.124227,0.0393685,0.104591,0.0191647,0.03977,0.616776,0.0325764,-0.163951,0.0235635,-0.0660987,-0.033669,0.0612644,0.0108013,-0.0042461,-0.37275,0.115079,-0.0378418,-0.0317694,-0.228775,-0.0743641,-0.112711,-0.0456494,-0.033651,-0.133554,-0.150148,-0.0921572,-0.0347646,-0.0135556,0.0337264,0.0866227,-0.0428023,0.0218079,-0.146359,-0.0574578,-0.0899757,-0.0452332,0.104649,-0.0159169,-0.0694848,0.0139052,-0.0398573,0.0837183,-0.117149,-0.102698,-0.0318527,-0.00105218,-0.0908141,-0.0280165,-0.031268,-0.0579619,0.602013,-0.574476,-0.306359,0.154312,0.0450224,-0.203506,-0.0385647,-0.00959467,-0.0627728,0.115982,0.118034,0.122282,0.108583,-0.00551704,0.000702108,0.00390225,-0.00418741,-0.00906698,-0.0126988,-0.0105016,-0.010772,9.61853e-05,0.0101835,-0.0100608,-0.00899213,0.0030584,0.00634122,-0.000666087,0.00159323,-0.0499323,-0.0148032,-0.00847133,-0.0261681,-0.0236707,0.0041366,-0.0043736,-0.0285818,0.0232368,0.0438526,0.0438025,0.044482,0.0532573,0.0645525,0.024588,0.0269412,0.00339103,-0.00434165,0.0359154,0.0500375,-0.00330839,0.0956057,0.289305,0.238722,0.00444751,0.0037144,-0.0100583,-0.0316538,-0.0298244,-0.0232835,-0.0198177,-0.0155861,-0.0627956,-0.039988,-0.106285,-0.0258718,-0.0953386,-0.0818845,-0.0829582,-0.0839344,-0.0235655,-0.00688857,0.00751033,0.00509351,-0.0462216,0.00679302,0.0474335,0.0325134,-0.0171647,-0.0410615,-0.0501307,-0.0235807,-0.0368803,-0.0370345,-0.0391236,-0.0474514,-0.0107357,0.0826932,0.17924,0.144965,-0.0129474,0.0281424,0.0640184,0.0564121,-0.0407165,-0.021016,0.00371061,0.0193003,0.0431147,0.0715785,0.047754,0.00816162,0.101932,0.093699,0.219064,0.193166,-0.0772023,0.100141,-0.0777714,-0.0691454,-0.0411944,-0.0208338,-0.00503451,-0.0110036,-0.0665203,-0.058709,-0.0598943,-0.0559984,0.00294217,0.0120421,-0.0171283,0.0152949,0.000427899,0.00736673,0.0159644,-0.00598845,0.00945891,0.00334491,0.00949764,0.0116929,0.0172777,0.0210753,0.024238,0.0241171,-0.0454947,-0.0388385,-0.0226898,-0.0363623,-0.0112266,-0.0259983,-0.015026,-0.00994978,
0.000871423,-0.00781466,-0.00269267,-0.00479004,-0.00400655,-0.00849675,-0.00387274,-0.00910225,0.0036042,0.000709127,-0.00376015,-0.00938242,-0.000584449,0.000980988,-0.00418531,0.00493313,-0.00448859,0.00170001,-0.00260301,-0.00234116,-0.00518055,-3.2369e-05,-0.00610464,0.00551112,-0.00178041,-0.00283009,-0.00370872,-0.00332803,-0.00693513,-0.00319144,-0.00161523,-0.00616515,0.00212682,-0.001234,-0.000247088,-0.000454178,-0.0103596,-0.00417959,-0.00231622,0.00218022,0.00839013,-0.000849593,0.00100431,0.00299562,-0.00263398,-0.0052048,-0.00231876,-0.0116537,-0.000999513,0.00161689,-5.37387e-05,0.00705044,-0.00642264,-0.0058721,-0.00954868,-0.0002151,0.00563542,-0.00523964,0.00461068,-0.00203339,-0.00559546,0.00353172,0.00130441,-0.00233908,-0.00449956,0.00244005,0.0038619,-0.00402791,-0.00109001,-0.00125438,0.000911704,-0.00426959,0.00730761,0.00405885,-0.00376299,0.00626686,-0.00125373,-0.000133564,-0.00118611,-0.00827045,0.00151555,-0.00209871,-0.00188748,-0.00144325,-0.00316678,0.00196508,-0.00418263,-0.00237186,-0.00127035,-0.00075291,0.00171529,-0.00558774,-0.00499783,-0.000285765,-0.0024399,-0.00285713,0.00174084,0.000419782,-0.00477084,-0.00246663,-0.00271768,0.00625195,-0.000509718,0.00265803,-0.00106506,-0.00661701,0.00397042,-0.00242428,-0.00363408,-0.0031707,-0.0039363,-0.0069733,0.00800008,-0.000771846,-0.000570425,0.000210343,0.00304638,-0.00509472,1.09981e-05,-0.00182881,0.00244762,-0.00362899,0.00388431,0.0027061,0.000966746,0.0035792,0.000285165,0.00163943,0.00958838,-0.00101819,-0.00225199,-0.00638367,0.00749527,0.00873056,0.0034843,-0.0056336,-0.00156076,-0.0023717,-0.000663947,0.00300549,-0.00123058,0.00146065,-0.00131329,-0.00559257,-0.00507138,0.000194613,-0.00188195,-0.00423888,0.00134573,-0.00286885,0.00628221,-0.0029643,0.00555518,0.00342746,0.00606732,-0.00455268,0.00266347,-0.00287881,0.00533992,0.000474385,-0.003883,-0.00370144,-0.00426256,-0.00383723,0.00220917,0.00888841,-0.00204473,-0.00805234,-0.00278263,0.00213987,7.10741e-05,0.000834658,-0.00392499,0.000921053,-0.00515415,0.0104551,-0.00231867,0.000539893,0.00687896,-0.00301572,0.00246285,-0.00497136,-0.00679303,-0.00314951,0.0063821,0.00349858,-0.00878821,0.00141947,0.00330912,0.00158403,0.000661914,-0.00115287,0.00511263,-0.00685769,0.00876821,-0.00261262,0.000415353,-0.00471865,-0.000758958,-0.00034681,0.00411739,-0.00113762,0.00275175,-0.00117194,-0.00218744,0.00946569,
-0.595894,-0.209651,0.205738,0.132326,-0.0594754,0.163004,0.0667216,0.0753251,0.0399244,0.0248962,0.352319,0.224261,0.104336,0.170993,0.00502528,0.102126,0.129274,0.00763398,0.132433,0.0599564,-1.83757,-0.0211464,-0.371989,-0.203674,-0.488174,-0.39116,-0.370244,-0.13703,-0.0714293,0.424618,-0.0653129,-0.259593,-0.106782,0.0538226,-0.00502061,0.10351,0.0431509,0.0027068,-0.0872604,-0.0465694,-0.0946891,-0.102792,0.0202273,0.00876638,0.0109279,0.116514,0.0803829,-0.364459,-0.302813,-0.133965,-0.156921,0.0146901,0.00316337,0.238359,-0.0395512,0.255062,0.761619,-0.559918,0.0800758,-0.0449401,0.127927,-0.129786,-0.0658847,0.0524417,-0.0472115,0.0740222,-0.240206,-0.0671177,-0.00415294,0.0627304,0.0216506,-0.0211092,-0.0416754,-0.0751393,-0.211377,-0.200097,-0.233162,-0.196682,-0.016544,-0.0173305,-0.0376267,-0.0198391,-0.0111181,0.00252444,-0.0108859,-0.0135198,0.00492373,-0.00693826,0.0157998,0.00742427,-0.00118618,0.00585069,-0.0031357,0.000831774,0.0319331,0.000581189,-0.0310214,0.0106552,0.00638703,-0.0255674,-0.00121077,0.0253361,0.0779862,0.096277,0.0396542,0.00129106,0.0473002,0.0412454,0.0575106,0.0900131,0.0524376,0.187957,0.279078,0.242272,-0.00351911,0.0440019,0.00122903,0.0355878,-0.0765182,-0.0829371,-0.102419,-0.0225769,-0.0727029,-0.0731336,-0.0768086,-0.0686336,0.00738101,0.00636432,0.00995419,-0.0559048,-0.0594159,-0.0737391,-0.0560643,-0.0173126,-0.0191755,0.0107782,0.0743148,0.0546749,0.00210661,0.0248071,0.00737004,0.0284637,0.00037978,0.00466404,0.0132949,0.00423475,0.00901958,-0.0243792,-0.0528219,-0.00364818,-0.137389,-0.239521,-0.293355,-0.268757,0.0136654,0.0142678,-0.0639985,-0.0638115,0.0845909,0.048964,-5.89563e-05,0.0205063,-0.0247702,-0.0888265,-0.059177,0.00565075,-0.47063,-0.366174,-0.507832,-0.492489,0.0282336,-0.375793,0.11539,0.105134,-0.151916,-0.135704,-0.0971132,-0.124338,-0.00343942,-0.000642693,0.0571445,0.0311613,-0.0106046,0.0161378,0.0171756,-0.0543273,0.00594894,0.0153056,-0.00585758,0.0215385,-0.0114231,-0.0161249,-0.0286842,0.00171639,-0.00939912,0.00651498,0.00882507,-0.00612285,-0.134225,-0.155584,-0.149401,-0.13681,-0.104218,-0.0837207,-0.0877928,-0.092621,
0.00150048,-0.0154457,-0.0423574,-0.0433567,0.0313901,0.03501,0.0141451,0.0450692,0.0018615,-0.0034795,0.0820054,0.0306359,-0.0198202,-0.0406319,-0.0601257,-0.0727617,-0.0540784,-0.0652547,-0.040398,-0.00583125,-0.108844,-0.27426,0.0759429,-0.0188697,-0.013577,-0.0494569,-0.0729882,-0.00682326,-0.014782,-0.0149597,-0.0652495,-0.0837915,0.0142723,0.0276073,0.0346699,0.0601913,0.0171115,0.0106774,0.0422069,0.0390113,0.0247249,-0.0186292,-0.0702042,-0.0329627,-0.0166323,-0.0333293,0.0166847,0.0922467,0.0795105,0.0883355,-0.0239518,0.0119031,0.00036638,0.00143757,-0.040182,0.00455058,-0.0442379,0.330023,-0.160605,0.106175,0.000561972,0.00229432,0.0436161,0.0208323,0.00679344,-0.0265648,-0.00180107,0.0399591,-0.00150465,0.129486,0.0492815,0.00814025,0.00724858,-0.0139348,-0.0178051,-0.0232663,-0.0268472,-0.0265601,-0.026163,-0.0046008,-0.0242781,-0.00336604,-0.00660885,-0.00306947,-0.0199394,-0.0138541,-0.0292545,0.0207503,0.00203326,-0.055108,-0.0144268,0.0201874,0.00681882,-0.0532054,0.0065855,-0.0216618,0.0163562,0.0333585,0.0461976,0.0280678,-0.0223495,0.0252615,0.0342368,-0.0259898,0.00733751,0.0558727,-0.0522939,0.0271796,-0.0219107,-0.0919907,-0.0340189,-0.0243884,0.00847568,0.0206714,-0.0263696,-0.0146526,-0.00282387,0.0214251,0.0401007,0.0489959,0.0580259,0.0324221,0.0539957,0.0321405,0.0222331,0.0509743,-0.0441698,-0.0702252,-0.0821089,-0.0459425,0.0129699,0.0628395,0.096448,0.0706296,-0.0149241,-0.00574288,0.00435943,0.00689199,-0.00468868,0.000290619,0.0610117,0.0823965,1.32771e-05,-0.0186778,-0.0323806,-0.0185704,-0.185502,-0.0420697,0.189253,0.0447108,-0.0294377,0.0272136,-0.0540024,-0.0376371,0.00994656,0.0132563,0.0307509,0.0393986,-0.018542,-0.0461739,-0.0328791,-0.0205156,-0.0020248,0.0291666,0.0504063,-0.0323073,-0.0476056,-0.0414395,-0.0166624,0.00279436,-0.023345,-0.0408285,-0.00512344,0.00636472,-0.0161748,-0.0192961,0.00462513,0.0316061,0.00726114,0.0136919,0.00729629,-0.0022602,-0.0508024,-0.0790953,-0.0779569,-0.0491133,-0.030789,0.00879652,0.0252282,-0.00115912,-0.00865243,0.000879027,0.00900329,-0.00854792,-0.00138367,-0.0211733,-0.0212727,-0.00677613,-0.0681608,0.00265507,0.0951014,0.0326223,-0.00770843,-0.0140519,-0.0220841,-0.00765283,
-1.06327,-0.236625,0.0579553,0.0826863,-0.0431848,0.172329,0.0858622,0.0186771,0.117299,0.0810468,0.970079,0.235297,0.123367,0.0922652,0.324038,0.103468,0.117028,0.0637013,0.0880745,0.0164146,-0.776805,-0.334616,-0.205217,-0.331591,-0.477709,-0.623614,-0.576721,-0.128287,-0.0996199,0.564318,0.209091,-0.0225569,0.0614137,0.202527,0.361664,0.35426,0.0920141,0.0465851,0.0141734,-0.115948,-0.200956,0.0353755,-0.152736,-0.117361,-0.187354,-0.0610796,-0.108754,-0.0817023,-0.0797235,0.0243453,0.196323,0.53032,0.38986,0.391226,0.408115,0.286706,0.274305,0.111674,0.124945,0.104845,0.0395262,0.0293581,0.0568395,0.110715,0.0662375,-0.163641,-0.0843524,-0.0215074,-0.035269,0.061404,0.0185916,0.0295457,-0.0724194,-0.165048,-0.137178,-0.146879,-0.168454,-0.132157,-0.00270592,-0.00535512,-0.0188283,0.00140251,-0.013779,-0.014109,-0.0279759,-0.0220497,-0.0193504,-0.0360303,-0.0237845,-0.00835977,-0.023515,-0.0374087,-0.0336436,-0.00726303,-0.00279855,0.0107206,0.00644927,-0.0171303,-0.0115324,0.0135194,0.00436554,-0.0198946,0.0657944,0.0757813,0.0575185,0.0525322,0.0546725,0.0401131,0.0720371,0.0681181,0.0526714,0.0914145,0.0706567,0.0578236,0.000522673,-0.0137408,-0.0841081,-0.064279,0.0275438,0.000289422,0.0219234,-0.00698724,0.00579489,0.0232568,0.0187194,0.0162748,-0.000250667,0.017237,-0.0115429,0.0361101,-0.0312913,-0.0288773,-0.0286307,-0.0374022,0.00446142,0.0126915,0.0039567,0.0149196,0.0284424,0.0227568,0.00859554,0.0111153,0.050022,0.0517652,0.0733803,0.0535419,-0.00397994,-0.00186766,-0.0170698,-0.0222854,-0.434747,-0.477488,-0.55638,-0.55065,-0.0569783,-0.0749581,-0.129319,-0.110543,0.0587059,0.0763635,0.0237913,0.0502936,-0.0501478,-0.00579374,0.0274632,0.0281749,-0.218258,-0.109689,-0.213341,-0.237511,0.106844,-0.103037,0.0913513,0.101896,-0.121281,-0.132356,-0.111802,-0.116878,0.0530629,0.0517725,0.0407702,0.0545274,-0.0247252,-0.0364043,-0.0418446,-0.0572376,-0.0449897,-0.0327868,-0.0456336,-0.0556456,0.0188405,0.0211016,0.0301107,0.0491477,0.0132135,0.0111499,0.0152355,0.0292905,-0.1212,-0.134794,-0.136795,-0.13953,0.0269172,0.0181138,0.00364087,0.0170202,
0.377104,0.154198,0.0533585,0.0851133,0.028912,-0.0760142,-0.00790195,0.0280399,0.00297868,0.021558,-0.27062,-0.0874254,-0.00766252,-0.0400552,-0.0743415,0.0644149,0.0281716,-0.000728136,0.0281994,-0.0037197,0.217528,0.031699,-0.00278672,0.0715487,0.0740333,0.167768,0.182056,0.0427574,0.0288485,-0.0916429,-0.0274563,0.0331207,-0.025242,0.022289,-0.0695884,-0.0924451,-0.0310736,-0.0158009,0.108507,0.0910791,0.111106,0.0365415,0.146367,0.10915,0.0712301,0.0887564,0.0427435,-0.0467181,-0.0453473,-0.0793394,-0.00263207,-0.0750808,-0.0522304,-0.0638021,-0.0457209,-0.0242404,-0.098926,0.0467501,-0.0154559,-0.0166011,0.0468753,0.0211049,0.0175705,-0.0158921,9.47741e-05,0.0533875,0.198183,0.0179214,0.102479,-0.0114176,0.0647406,0.0271954,0.0236813,0.0262756,0.0544621,0.0428711,0.0567421,0.0536639,0.010139,0.00423296,0.00768785,0.00373174,0.0130181,0.0136775,0.00326524,0.0115356,0.00151472,0.0149034,0.000928541,-0.00761091,0.0100587,0.0119609,-0.00838755,-0.0102749,0.00645109,0.0151846,0.0093267,0.00491295,-0.00121846,0.0138599,0.00593134,0.011174,-0.0194184,-0.0229182,-0.0124384,-0.00943132,0.0202496,0.0272217,0.0142755,0.0059004,-0.0225515,-0.0203016,-0.0369095,-0.0277972,2.35587e-05,0.02449,0.0229536,0.0105631,-0.00642429,-0.0069779,-0.00432732,0.0170185,0.0133029,0.0152582,0.0093059,0.0072729,0.0145929,0.0140698,0.0175692,0.00544777,0.0338751,0.038772,0.0353779,0.0317695,0.0122042,0.0122583,0.0215547,0.0197851,-0.0221181,0.00529626,0.0127022,-9.28949e-05,0.00375303,7.08205e-06,-0.00473915,-0.0157261,0.022135,0.0117724,0.0338698,0.0326971,0.147434,0.164798,0.174972,0.168018,0.0137743,0.0192985,0.0333613,0.030912,0.000599996,-0.007477,0.00640381,-0.00708635,0.0405913,0.0137513,0.00310939,0.0127701,0.056093,0.0395933,0.057953,0.0656519,-0.0101506,0.0338883,-0.00342035,-0.0128672,0.0200261,0.0180434,0.0146841,0.0260222,-0.00471691,-0.0041232,0.00119554,0.00543205,0.00213549,-0.00274288,0.00168115,-0.00401436,-0.000501692,0.00119105,0.0105985,0.0048103,-0.00185151,-0.0108663,-0.00967471,-0.0063381,0.00152733,-0.00583573,-0.00278311,-0.00330344,0.0076702,0.0149356,0.0149174,0.0207794,-0.000136038,0.00363074,0.00864794,-0.00981073,
-0.0236596,-0.00237598,0.0555952,0.0616924,-0.0941383,-0.0575966,0.0360734,-0.0382666,0.0513261,-0.0264181,-0.0456155,0.0238791,0.0551312,0.0942587,0.00348711,0.0899782,0.0353606,0.0657863,-0.00313839,0.0623876,-0.210116,-0.129336,-0.0793089,-0.0662945,-0.101877,-0.0507326,-0.0326006,-0.013841,-0.0034413,-0.258477,-0.0946666,-0.0985243,-0.0625536,-0.100787,-0.0618953,-0.0536974,-0.0155233,-0.00154449,-0.154036,-0.142466,-0.126561,-0.0603353,-0.0624262,-0.0129237,0.0510254,0.0216702,0.068524,-0.0352404,-0.00441169,-0.0146089,-0.0188187,0.0606494,0.118961,0.0694434,0.13039,0.0981988,0.0884659,-0.0236765,0.00309627,-0.018965,0.077311,0.0552427,0.000721961,0.00169247,0.00958937,0.0589476,-0.0784497,0.0340267,-0.11744,-0.00711551,0.0071831,-0.0627138,-0.015783,0.0043122,0.0211397,0.0258893,0.0191964,0.00992654,0.00653802,0.00523117,0.0125689,0.00914478,0.00788731,0.00769937,0.00925096,0.00691927,0.0256481,0.0140683,0.0119993,0.0307449,0.0225302,0.00828264,0.0125327,0.0487066,-0.0461163,-0.0331858,-0.0166497,-0.00195186,-0.014594,-0.0178398,-0.0310233,-0.0323957,-0.0246945,-0.0462294,0.00487775,0.0216051,0.0470229,0.0766925,0.0270596,-0.0141459,-0.00511619,-0.000187193,0.0398615,0.038782,-0.0325961,-0.00585056,0.0490268,0.0494926,0.0143087,0.0239447,0.0240986,-0.0226831,-0.0101649,-0.0180192,-0.0241939,0.00157146,-0.0214013,-0.031645,-0.00695257,0.00528078,0.00569536,-0.0133017,-0.0151994,-0.00088066,0.0283198,0.0381961,-0.00374571,0.0088053,-0.0237652,-0.00549507,0.0200309,0.0180406,0.0212674,-0.0187497,-0.0298728,-0.00504416,-0.022044,-0.0253903,-0.0282161,-0.0209476,-0.0422959,-0.00224131,0.030214,0.0278934,-0.0555785,-0.0398364,0.00363164,-0.00365184,-0.035638,-0.0290737,-0.00959475,-0.0223779,-0.0036913,0.0274703,0.025818,-0.00728207,-0.0681414,-0.0591418,-0.0456425,-0.0320747,-0.0634826,-0.053677,-0.0543717,-0.052427,-0.0417782,-0.024849,-0.0155102,-0.0176127,-0.0291906,-0.0342009,-0.0225175,-0.0223073,-0.0242161,-0.0144528,-0.0107091,0.000376473,-0.0100782,-0.00973991,-0.00973482,-0.009799,-0.025964,-0.00863725,0.00227208,-0.0191889,-0.0164403,-0.00749011,-0.0171481,-0.00428261,-0.0402203,-0.0414672,-0.0239169,-0.0402894,-0.0296291,-0.0442161,-0.0368865,-0.0345684,
0.055158,-0.0365019,0.0411582,0.0704835,-0.181743,-0.0029512,0.265169,0.176038,0.0890435,0.0907078,0.0563934,-0.0775606,-0.0551878,-0.0433315,-0.00889976,0.110471,
-0.139963,-0.11502,0.144776,-0.228942,0.087343,0.113314,-0.0345786,-0.251224,-0.0985916,-0.0256327,0.0267112,0.285051,-0.000222496,0.0620192,-0.225869,0.176038,
-0.0104871,-0.0512802,-0.026599,0.30093,-0.0845345,-0.188806,0.176885,-0.175377,0.117951,0.188293,-0.0361779,-0.0133728,-0.0592029,-0.417855,-0.116147,0.150943,
0.188149,-0.0135268,0.210655,0.392246,-0.090367,-0.328718,0.373359,-0.0378557,0.21586,0.24204,-0.066363,-0.339644,-0.202486,-0.293992,-0.0314969,0.195241,
0.0537784,-0.0540458,-0.0187026,0.0777898,-0.148311,-0.066245,-0.127923,-0.0262563,0.0749927,0.0462414,0.0503786,-0.0133298,-0.0907865,-0.0841455,0.0714777,0.0189933,
-0.0394967,0.0133799,-0.0273067,-0.0327183,-0.00509761,0.0273622,-0.0264936,0.0273898,-0.00693294,0.0190546,-0.0372547,0.232916,-0.0841805,-0.0692245,-0.0953121,0.0093222,
-0.0709191,-0.0785895,0.0361551,-0.0288325,0.0143843,0.00886341,-0.0319495,0.0425828,-0.0720571,0.0159904,-0.00481816,-0.15476,0.0828165,0.08933,-0.0798427,-0.127697,
-0.0385531,-0.0380219,0.643053,0.134981,0.179824,0.498333,-0.0682119,-0.231077,-0.30034,-0.3506,0.0781534,0.753739,0.152152,0.547553,-0.0942016,0.226757,
0.127181,-0.0306648,-0.01995,0.252113,-0.0583054,-0.0176918,0.19564,-0.0442517,0.162989,0.132786,0.0403105,-0.0419748,-0.123639,-0.0195994,0.141651,0.047183,
0.127303,0.0130617,-0.106486,0.0161738,-0.200137,-0.109201,-0.130359,0.119186,0.0123492,0.0564771,-0.138873,-0.015903,-0.122615,0.0277884,0.0504634,-0.0356732,
-0.0163842,-0.0347143,-0.123524,0.134256,0.04549,-0.122644,0.240924,-0.218192,0.0958125,0.156501,0.0531423,0.015694,-0.0452383,-0.242895,-0.0437695,0.175412,
0.0189269,0.0305265,0.0215688,-0.0750153,-0.0531985,-0.0732905,-0.134695,0.0236998,0.00453501,0.0300014,-0.0255588,-0.0231452,-0.105564,-0.0549093,-0.00133286,-0.0173045,
0.0784831,0.104614,0.139232,0.312811,0.123684,-0.0716544,0.224272,0.0200748,0.199408,0.0324843,0.0780823,-0.033867,-0.125937,-0.176584,-0.110763,0.0293449,
-0.0760414,-0.0373101,0.342658,-0.154727,-0.013719,0.281614,-0.0915136,-0.365159,-0.329076,-0.316024,-0.0213339,0.508177,-0.0409206,0.372478,-0.277385,0.175683,
0.288112,0.0108482,0.0808398,0.639334,-0.219165,-0.165305,0.39374,0.124468,0.242104,0.430687,-0.0419427,-0.231221,-0.322341,-0.0631069,0.149066,0.353028,
0.0137801,-0.145838,-0.144311,-0.0417312,0.0337051,-0.00751711,0.0586761,0.0108129,-0.0508633,0.108523,0.00874437,-0.129013,0.136321,0.0513953,0.0437801,0.0137677,
-0.0634396,-0.00501825,0.00239265,0.0232768,-0.0311235,-0.15633,-0.013138,-0.0383405,0.0546628,-0.0506607,0.00906635,0.0367639,0.108553,-0.068083,-0.0581768,0.00159857,
-0.00236046,-0.0273882,0.0235404,-0.0665904,-0.0684926,-0.0273458,-0.0633789,-0.0500532,-0.0823025,0.093541,-0.0180717,0.0820262,0.0231976,0.0142313,0.0400141,-0.0466802,
-0.00213255,0.0362254,-0.00182779,0.00751564,-0.0183481,0.0570621,-0.0524748,-0.0620989,0.00279325,-0.0242829,0.1241,-0.0398813,-0.0176377,-0.0823555,0.105632,-0.0144261,
0.130157,-0.16985,0.382908,0.581717,0.101872,-0.142006,-0.0264448,0.0530351,0.14845,0.0954794,0.249892,-0.0508913,0.402153,-0.0980858,0.663688,-0.0699763,
-0.113086,-0.0243092,-0.0646767,-0.0211386,0.0769767,-0.0297204,0.0201286,-0.0442742,-0.165031,0.0623103,-0.0754626,-0.051792,-0.120632,-0.0638559,-0.031971,-0.000389579,
-0.0881923,-0.0432861,0.0904783,0.00806014,0.0784915,-0.100443,0.0834437,0.00581309,-0.0105683,-0.0643088,-0.0638892,-0.036475,0.0414402,-0.0333089,-0.117193,-0.0954402,
0.0873066,0.0353316,0.0369517,-0.0152833,0.0329006,-0.0262287,0.0511267,-0.0434993,-0.0431561,0.00303805,0.0333788,0.0196458,0.0724622,-0.109819,0.0380593,0.0831347,
0.0891996,0.0183183,0.0921677,0.0862075,-0.0863976,0.0620238,0.0355011,0.10383,0.0653351,0.0197499,-0.00713395,-0.0991179,0.058407,0.0466209,-0.0689432,-0.0267715,
-0.0826618,0.285814,-0.00619533,-0.00161012,0.0805135,0.0256295,0.0217406,0.699438,-0.0326983,-0.130204,-0.0964056,0.0591305,0.165957,0.458104,-0.05339,-0.0133835,
0.0205022,0.167143,-0.0456627,0.0506811,-0.150117,0.0457012,0.0907926,0.369262,-0.0518573,0.000579902,-0.275848,-0.0410822,0.163507,0.394123,-0.0385259,0.0466865,
0.173122,-0.0255552,0.249487,0.28802,0.00294482,-0.0968394,-0.0694595,-0.0262316,0.183372,0.217985,0.107441,-0.0288234,0.21216,0.036228,0.409498,-0.0123172,
-0.0821607,-0.0222066,-0.00250228,-0.0210046,-0.00647067,0.00792514,0.0934718,-0.0476843,0.0324445,0.1004,0.0286979,0.0615961,0.00125651,-0.0395591,-0.0732271,-0.0304258,
0.0158145,-0.0895409,0.185445,0.0896612,0.0343772,-0.137072,-0.105454,-0.0022693,0.309716,0.0900329,0.101071,0.0871232,0.0979017,0.0265866,0.179928,0.0189699,
-0.0826107,0.273907,-0.136142,0.0294909,0.0477472,0.10211,0.106835,0.512776,0.010304,0.028523,0.0296854,0.0468912,0.144287,0.330655,-0.0577304,0.046571,
-0.0249395,0.121906,-0.0942872,0.00675677,0.0393763,0.0758872,0.0233241,0.273242,-0.028257,-0.0608015,-0.117331,0.0284983,0.13211,0.178108,-0.0202183,-0.0296773,
-0.00884415,0.0853698,0.0287127,-0.0701101,-0.138301,-0.089097,-0.0460876,0.220195,-0.0453087,0.0163856,-0.122132,0.0408592,-0.0210205,0.0873691,0.0721503,-0.0316604,
-0.0577303,0.0873078,-0.0103212,0.0014367,0.0112841,-0.0358864,0.0165189,0.147665,0.462989,0.385989,-0.0253764,0.0531017,-0.0837519,0.39584,0.156914,0.0872638,
-0.033733,-0.0499095,-0.0669833,-0.00799919,-0.0549457,0.0379075,-0.00253447,-0.0509511,0.0145583,0.0326238,0.0405876,0.000751115,-0.045574,-0.0305571,-0.11394,0.137118,
-0.0512717,0.0488996,0.00672218,-0.0452473,0.044272,0.0535548,-0.0120442,0.0143539,0.171747,0.0494227,0.0759199,0.00275347,-0.0447298,0.137402,0.169624,-0.0106392,
0.064247,0.0172587,0.0902018,-0.0383569,-0.0267554,-0.0133772,-0.00172223,0.054698,0.396094,0.208673,0.0211515,-0.00390931,-0.0357592,0.275576,0.181086,0.159668,
0.0325268,0.0426158,0.0367986,-0.017886,-0.00878144,0.0379109,0.0781044,0.0826417,0.480935,0.138349,-0.0418305,0.0298362,0.0185571,0.265576,0.114974,0.148253,
0.0473139,0.0642926,0.0729402,0.41168,-0.00801924,-0.0564661,0.0972442,0.114694,-0.0476741,-0.0599364,0.188155,0.00603581,0.0779055,0.07439,0.0174021,-0.0428135,
-0.015382,0.0372897,-0.0279078,0.00175496,-0.0342736,-0.0460503,-0.0613135,0.03975,0.271264,0.204296,0.0263223,0.00736386,-0.10834,0.101846,0.123696,0.0038285,
0.0243739,-0.0479748,0.00562975,0.0243247,-0.00624401,-0.0496977,-0.0282488,-0.111557,0.0291158,-0.0878476,0.0194903,-0.0581201,-0.103729,-0.0744368,-0.0544945,0.0952706,
0.0167319,-0.041459,0.0661196,0.911904,-0.00134133,0.0284221,0.0421637,0.0504472,0.0919149,-0.157399,0.559727,-0.0845198,0.300964,-0.00937975,-0.047836,-0.0818698,
-0.0244908,-0.0485927,0.0244914,0.00241397,-0.0348513,-0.0798861,0.0211479,-0.0128155,0.0475763,-0.00130115,-0.00324908,-0.0414014,-0.0175598,0.123808,-0.0281163,-0.061105,
-0.123998,0.00644171,0.122976,-0.0135149,-0.0305217,0.0201952,0.0426733,0.0563167,0.347701,0.0959229,-0.0349894,-0.026834,-0.0287933,0.268697,0.175915,0.0175583,
-0.0685995,-0.0149481,0.0114354,0.203671,0.0414382,0.0181433,0.024717,-0.00852759,0.0262597,-0.0760711,0.191024,-0.0220573,0.0586693,-0.0344305,0.0114239,0.128089,
-0.0319686,0.0824176,0.023152,-0.03816,-0.0352433,0.0265248,-0.00706283,0.0222412,0.18905,0.0201987,0.00642578,-0.0436048,0.0613389,0.213726,0.0984383,0.0760178,
0.0429809,0.0723047,-0.191215,-0.00216373,0.0868652,0.0200913,0.0645458,0.0105663,0.0498188,0.0633205,0.0192758,0.0233103,-0.00666887,0.142468,-0.027592,0.0164945,
0.0849605,0.0291717,0.0807084,0.278827,0.0546468,0.00717165,-9.05938e-05,0.129122,0.00848016,-0.0696957,0.218025,-0.0320101,0.0992718,-0.0489661,0.0396952,0.10202,
0.0513688,0.0210143,0.0420003,-0.0218659,0.0368722,-0.0538085,-0.0875937,0.0526709,-0.0289672,-0.0631004,0.0129323,-0.0117276,0.0332037,-0.0642017,0.0551293,0.018824,
0.0269188,0.0445419,0.037775,-0.0112099,-0.0675165,-0.0115458,0.0372888,-0.00546542,0.0298676,0.014723,0.0415915,-0.0285245,-0.0545595,-0.0134139,-0.0781229,-0.0543931,
0.081023,-0.0576545,0.191614,0.108902,0.0915536,-0.0489528,0.0742762,0.00691345,0.0142535,-0.112068,0.100715,0.00695578,0.0993276,0.0181922,-0.0575941,0.0626592,
-0.0380568,0.0370087,2.15605e-05,-0.0807979,0.0259047,0.0954967,0.0960956,-0.02518,0.295796,-0.0294183,0.024213,0.160175,0.0438328,-0.0439273,0.166778,-0.116519,
0.325947,-0.024687,0.102831,0.145293,0.140466,0.0343188,0.214357,0.0539505,-0.0817703,0.0621835,0.22898,0.0476369,0.236774,0.0261629,0.0866392,0.0444948,
0.0046374,-0.0742264,0.0188196,-0.0579286,-0.124167,0.0510529,0.129971,-0.0728228,-0.080064,0.0630195,-0.0898047,0.010562,-0.0182541,-0.0355903,-0.0655068,-0.0123769,
-0.0565231,0.00820181,0.02963,0.0257917,-0.0778241,0.010513,0.11521,0.00834028,-0.152084,-0.0438316,0.046663,0.011475,0.010396,-0.00891179,0.0301169,-0.0117173,
-0.00655475,-0.0628874,0.11911,-0.0342588,-0.0140778,-0.041328,-0.0165992,0.119166,-0.03147,-0.00425887,0.0318365,-0.0138417,-0.00120629,-0.103062,-0.0452437,-0.0658379,
0.014826,0.082016,0.088535,0.0931089,0.130949,-0.0597737,0.0747576,-0.0185186,0.0133702,0.123245,0.016683,0.0135038,-0.0392724,0.110042,0.00717634,0.00771478,
0.45708,-0.0923052,0.137697,0.356007,0.479352,-0.148441,0.140842,-0.0178907,0.0102008,0.0674792,0.346394,-0.055566,0.117091,0.0891501,0.0649422,-0.035782,
0.0281674,-0.0779893,0.0432467,-0.0218989,0.0126649,-0.0754864,-0.0607114,-0.0778705,0.0310728,0.0406515,0.0973828,-0.0700204,-0.141379,-0.106726,-0.000986637,-0.0231286,
0.042655,-0.0642611,0.0226989,-0.105694,-0.0610402,-0.0382471,0.07473,0.0702671,0.0572518,0.0877636,-0.0661439,-0.0794508,-0.00868209,-0.0253766,-0.0602647,-0.0440445,
0.142235,-0.0194811,0.0161655,-0.0354391,0.0928712,-0.0343631,-0.0133259,0.0406821,-0.0320283,-0.00943667,-0.0641606,0.0816845,0.0131712,0.0699439,0.0673028,-0.105121,
0.385282,-0.100893,0.0793158,0.27235,0.182626,0.0625338,0.248327,0.113497,-0.0765213,0.0399005,0.249818,0.0449701,0.047453,0.0951964,0.00460818,0.0263413,
-0.0285548,-0.0328908,-0.0348218,-0.0884261,-0.00208429,0.43457,0.0252692,-0.0180118,1.09632,0.0117286,0.115596,0.23735,-0.0612122,0.0288748,0.397395,0.0118306,
0.267156,-0.0065243,0.0660249,0.192302,0.24037,0.0197621,0.186509,-0.0416248,-0.0386757,-0.0148198,0.164781,-0.054322,0.168408,-0.0219933,0.0748826,-0.0372434,
-0.0198591,0.0474986,-0.0151152,-0.0281767,0.119277,0.000630862,-0.0359852,-0.0347035,0.00722575,-0.102003,-0.0912313,-0.0823037,0.00470017,0.0488922,-0.0657429,-0.124274,
0.0899269,-0.23077,0.336717,-0.470491,0.0180667,0.0789829,0.0135851,-0.138097,-0.778063,0.04434,-0.07758,-0.0738056,-0.563896,1.14445,-0.427891,0.0252024,
